Window,MMSI,Average_SOG,STD_SOG,distance_to_coast_m,far_from_coast,mean_acceleration,std_acceleration,mean_abs_acceleration,mean_turning_intensity,max_turning_intensity,turning_spike_count,avg_distance_between_pings,density,max_SOG,min_SOG,delta_SOG,Behavior_Label
2025-02-18 00:00:00,219001518,0.0,0.0,496.4843618718204,0,0.0,0.0,0.0,8.087823155192831,151.22859877782201,16,0.245989746009396,4.0650448474926675,0.0,0.0,0.0,0
2025-02-18 00:40:00,219001518,0.0,0.0,496.95643479561164,0,0.0,0.0,0.0,8.888677990705155,89.99999966812851,23,0.19069194054521071,5.243785129511699,0.0,0.0,0.0,0
2025-02-18 01:20:00,219001518,0.0,0.0,496.38545357928234,0,0.0,0.0,0.0,8.645964193277637,89.99999966812845,16,0.1578298661815424,6.335535021613815,0.0,0.0,0.0,0
2025-02-18 02:00:00,219001518,0.0,0.0,496.09103723962915,0,0.0,0.0,0.0,8.173273185522525,89.99999966812845,15,0.12878119968539653,7.764505668420981,0.0,0.0,0.0,0
2025-02-18 02:40:00,219001518,0.0,0.0,495.5412339622879,0,0.0,0.0,0.0,8.432920780119753,90.0,14,0.20620027673591507,4.849418835127497,0.0,0.0,0.0,0
2025-02-18 03:20:00,219001518,0.0,0.0,495.7924540581074,0,0.0,0.0,0.0,8.358161620068394,89.99999966812845,21,0.17496804018005924,5.7150028596214755,0.0,0.0,0.0,0
2025-02-18 04:00:00,219001518,0.0,0.0,496.8755966436132,0,0.0,0.0,0.0,9.596155000534099,180.0,17,0.16090883123255054,6.214313094002392,0.0,0.0,0.0,0
2025-02-18 04:40:00,219001518,0.0,0.0,496.61221833232713,0,0.0,0.0,0.0,9.19252899868109,167.61214525223772,24,0.15314921711215324,6.5291532488556285,0.0,0.0,0.0,0
2025-02-18 05:20:00,219001518,0.0,0.0,497.63223033814114,0,0.0,0.0,0.0,10.872254715392922,164.64758236297854,17,0.18823684079607822,5.312174142052497,0.0,0.0,0.0,0
2025-02-18 06:00:00,219001518,0.0,0.0,498.63074241582194,0,0.0,0.0,0.0,9.239728751821033,180.0,20,0.1809249730970193,5.526847479418969,0.0,0.0,0.0,0
2025-02-18 06:40:00,219001518,0.0,0.0,497.01480292692696,0,0.0,0.0,0.0,11.740532135569136,164.64758620230737,35,0.14158754570755255,7.062269299959072,0.0,0.0,0.0,0
2025-02-18 07:20:00,219001518,0.0008264462809917356,0.009072028677816618,497.8153074394467,0,0.0,0.0010164207861029961,9.25925925925926e-05,10.504377172117563,89.99999917032153,32,0.16429634523551917,6.086192219579743,0.1,0.0,0.1,0
2025-02-18 08:00:00,219001518,0.00041493775933609963,0.00644156626400831,496.12657327376405,0,-3.7878787878787836e-06,0.0008741790759282715,7.954545454545455e-05,9.58108934391999,89.99999878313724,23,0.2578197974532218,3.878527656142733,0.1,0.0,0.1,0
2025-02-18 08:40:00,219001518,0.00205761316872428,0.01422534018469873,495.826172766601,0,3.7565740045078842e-06,0.00126004875923554,0.00016153268219383922,10.483197075474187,180.0,20,0.1925571452474027,5.19299384490142,0.1,0.0,0.1,0
2025-02-18 09:20:00,219001518,0.0,0.0,496.67432409668595,0,0.0,0.0,0.0,9.308669900008214,180.0,23,0.1519068391890005,6.5825487506088445,0.0,0.0,0.0,0
2025-02-18 10:00:00,219001518,0.0,0.0,495.81666162746257,0,0.0,0.0,0.0,14.0243344165244,180.0,29,0.22098649837071477,4.524958573427399,0.0,0.0,0.0,0
2025-02-18 10:40:00,219001518,0.0,0.0,495.70886188673353,0,0.0,0.0,0.0,9.229841045964553,44.999999585160396,23,0.13823927535379432,7.23331096991934,0.0,0.0,0.0,0
2025-02-18 11:20:00,219001518,0.9466431095406359,2.033953205381352,458.1913291383421,0,0.005614426944214177,0.021308339375522713,0.009063712095626987,8.25249485490321,151.22860523764848,19,3.3969656055578024,0.29437950580625216,8.0,0.0,8.0,0
2025-02-18 12:00:00,219001518,0.6609848484848485,1.8181887782157387,65.93371884294852,0,-0.008726792185761651,0.024264646509731348,0.008726792185761651,10.83028340584334,180.0,36,0.9411023302023139,1.0625724134174577,7.8,0.0,7.8,1
2025-02-18 12:40:00,219001518,1.4823770491803279,2.8020673007014647,93.69103175963934,0,0.006569724285773669,0.029972996108395,0.012841792409693645,7.963751013717123,180.0,15,5.91650613663508,0.16901838462131422,9.3,0.0,9.3,1
2025-02-18 13:20:00,219001518,8.691505791505792,0.3383802774625448,2785.3124044157867,1,-0.0010727657156228598,0.010324845865740761,0.003802907731479158,1.0271020543715677,59.77613363510051,2,41.565850957776355,0.024058204905603304,9.4,7.9,1.5,1
2025-02-18 14:00:00,219001518,8.500881057268723,0.05065167306928607,6419.468535532514,1,7.104377104377077e-05,0.003310558386731134,0.0010510662177328806,0.31785966043723773,10.385998502178325,0,46.23561481986622,0.02162834402900351,8.6,8.4,0.1999999999999993,1
2025-02-18 14:40:00,219001518,8.517435897435897,0.06504233152569747,12565.45163594229,1,-3.3750613647520582e-06,0.0030212390000761355,0.0009429437973252372,0.46080668576482897,12.449459077220638,0,54.18021273571265,0.018456919324195662,8.6,8.4,0.1999999999999993,1
2025-02-18 15:20:00,219001518,8.416425120772947,0.08988003302601345,19138.041652301556,1,-0.00010708773994415245,0.003703426108739013,0.0013440743665577546,0.4044749527992209,22.49544015688769,0,50.67494299747656,0.019733614751449233,8.6,8.3,0.29999999999999893,1
2025-02-18 16:00:00,219001518,8.474358974358974,0.043777487494300986,26001.626488793427,1,8.471737593504805e-05,0.0020130545857177775,0.00044351367223134305,0.4145785282989094,17.963623317823533,0,54.571600512170505,0.018324546235940407,8.5,8.4,0.09999999999999964,1
2025-02-18 16:40:00,219001518,8.542439024390244,0.04954600198571978,33142.9820572418,1,-9.108414050647653e-05,0.004214397568423703,0.0018434862099817105,0.21299405977290148,9.362914716417208,0,51.34046751052061,0.019477808709416105,8.6,8.5,0.09999999999999964,1
2025-02-18 17:20:00,219001518,8.572251308900523,0.07549597190972454,40189.911844579234,1,0.0001184621079909034,0.002274371374452329,0.0005517005269003045,0.23019975372745877,5.106615942466362,0,55.400013727315,0.018050533785366408,8.7,8.5,0.1999999999999993,1
2025-02-18 18:00:00,219001518,8.627835051546391,0.0449346515520134,48137.75554003724,1,-4.3240421137397e-05,0.0016365795108604806,0.00030137634848768533,0.20956636187961847,7.807498209238304,0,54.67260412431432,0.0182906929916723,8.7,8.6,0.09999999999999964,1
2025-02-18 18:40:00,219001518,6.175879396984925,1.9363667700644223,54723.49487555387,1,-0.0027323283179715016,0.014736005395140563,0.007842814390345048,0.9056345182860447,64.43931998242147,1,37.890410553527126,0.02639189498008653,8.8,3.1,5.700000000000001,1
2025-02-18 19:20:00,219001518,3.544505494505495,0.053056078666405146,54414.86783216106,1,-0.0001838011612447703,0.0026979222505080346,0.0007153727642449452,0.8737983342463852,68.33695894991831,2,23.920353122652305,0.04180538543133618,3.7,3.4,0.30000000000000027,2
2025-02-18 20:00:00,219001518,3.4356756756756757,0.04803421224935351,53477.76815874784,1,0.00010453538591687269,0.002178225218348912,0.0005075638674867291,1.1299158946505405,68.42259871281658,2,23.114575196066337,0.043262727473482025,3.5,3.4,0.10000000000000009,2
2025-02-18 20:40:00,219001518,3.5557603686635946,0.07500924446639282,52709.428593775345,1,2.094356261022929e-05,0.0018263832724964854,0.00035530570252792504,1.973527405112134,71.35231451104084,5,20.257474638987528,0.04936447035854596,3.7,3.3,0.40000000000000036,2
2025-02-18 21:20:00,219001518,3.593298969072165,0.02506867870035058,52326.67228490525,1,1.0576973927759273e-05,0.0014619382422670292,0.00021048178116240963,1.4513308544475148,70.3709014406599,3,22.828410060224655,0.04380504640101488,3.6,3.5,0.10000000000000009,2
2025-02-18 22:00:00,219001518,3.6,0.0,52204.54301861002,1,0.0,0.0,0.0,0.9001571074501362,64.69009092082786,2,24.90334912283883,0.0401552254483975,3.6,3.6,0.0,2
2025-02-18 22:40:00,219001518,3.5766839378238346,0.04239433680040451,52697.29843374444,1,-4.000722563355001e-05,0.002883189808024202,0.0009526397893336642,0.6554595539863258,34.67357713069768,2,23.093139840570945,0.043302884487553144,3.6,3.5,0.10000000000000009,2
2025-02-18 23:20:00,219001518,3.5031250000000003,0.017444751982408455,53482.63009435948,1,-6.399069226294363e-05,0.0019350244497085406,0.0003686075413824108,0.3302496621251222,17.882439930370662,0,22.785641445417962,0.04388726837130186,3.6,3.5,0.10000000000000009,2
2025-02-18 00:00:00,219001553,0.005825242718446603,0.023479073062879205,614.7169300765319,1,-6.472389399218667e-05,0.0021935782178583016,0.0005369021222679759,5.99950462027117,42.44936827251428,5,0.6305439290881635,1.5859071744205735,0.1,0.0,0.1,0
2025-02-18 00:40:00,219001553,0.001744186046511628,0.013129303902760124,615.7145417529586,1,5.979122621564482e-05,0.0017902356254686455,0.0003181157505285412,5.562298557803843,36.0,5,0.5828129459395428,1.7157869417580067,0.1,0.0,0.1,0
2025-02-18 01:20:00,219001553,0.0005347593582887701,0.007312724241271306,617.1250243001218,1,1.0803219359369087e-05,0.0010525943206965663,0.00010803219359369094,6.121136032170474,20.0,6,0.41934903980014215,2.3845914958136576,0.1,0.0,0.1,0
2025-02-18 02:00:00,219001553,0.0010416666666666667,0.010179454378723673,615.4617618768485,1,1.302083333333333e-05,0.0014127642650752625,0.00019531249999999998,6.870184536151766,40.51252810807813,8,0.5394573827199308,1.853680189074858,0.1,0.0,0.1,0
2025-02-18 02:40:00,219001553,0.001075268817204301,0.010341453250522973,615.6224684859382,1,8.960573476702509e-06,0.0011296882536297786,0.00015232974910394265,5.480976993792015,20.611563065522873,3,0.6432515504653525,1.5545776042055885,0.1,0.0,0.1,0
2025-02-18 03:20:00,219001553,0.0031645569620253164,0.017561125553169618,615.2405878016364,1,-4.473620348751215e-05,0.0020676044854765594,0.0004833292612868135,5.903532560536263,33.39426842071579,2,0.7246483974011062,1.3799605491171716,0.1,0.0,0.1,0
2025-02-18 04:00:00,219001553,1.6849999999999998,2.541542706810951,522.136206204882,1,0.004231857263107264,0.016053047387626793,0.005650778619528619,5.352615698991314,41.22312957486653,12,5.023481515633412,0.19906473353999685,6.1,0.0,6.1,0
2025-02-18 04:40:00,219001553,6.374239350912779,0.18091254544327423,1759.2638852022415,1,0.0004215528061144623,0.02093185322009441,0.012328367927599594,1.6467020086264923,88.72858471358626,3,15.836193649687361,0.0631464473507034,6.7,5.9,0.7999999999999998,1
2025-02-18 05:20:00,219001553,5.930750000000001,1.3164391240838085,7118.451298063227,1,-0.000551425036355114,0.025920213129468173,0.014538538418065912,1.0447317157025684,44.53230829802649,0,16.96810393438542,0.05893406915270219,6.7,1.4,5.300000000000001,1
2025-02-18 06:00:00,219001553,1.9786666666666666,0.05500000000000004,11273.796063045529,1,0.00030984700809262236,0.0063627729676449234,0.003564130865885255,0.7367866830168078,26.289491633470163,3,10.808542916635506,0.09251932314277651,2.1,1.9,0.20000000000000018,2
2025-02-18 06:40:00,219001553,1.9579439252336448,0.05900168403352987,12565.352145862842,1,-8.642925637514923e-05,0.006505071757542797,0.004081653439744934,1.297630341971986,58.98222372938418,4,11.265491749708723,0.08876657446934004,2.1,1.9,0.20000000000000018,2
2025-02-18 07:20:00,219001553,2.5904059040590406,0.745542445696677,13103.255815050617,1,0.0009322387653131491,0.016220483504599557,0.00883954056560388,0.8345476999882318,66.90870641973592,2,10.677577517631505,0.09365411412912673,4.3,1.8,2.5,2
2025-02-18 08:00:00,219001553,2.045267489711934,0.09408229238473433,12991.029517947052,1,0.0001606608802840123,0.009097635037697697,0.00629442495751788,0.27969218089831577,5.975311016910768,0,10.381785862777543,0.09632244875719029,2.2,1.8,0.40000000000000013,2
2025-02-18 08:40:00,219001553,2.276315789473684,0.16113734296221224,13542.185190613329,1,0.0006401435697458005,0.012296451856490255,0.006278242972700891,1.52006142238932,149.15799736250204,3,10.509622044174895,0.09515080982823404,2.8,1.9,0.8999999999999999,2
2025-02-18 09:20:00,219001553,2.1444444444444444,0.06666666666666723,13561.01473496849,1,-0.00018700072621641244,0.007639754220636354,0.0035436059945863864,30.230145172309157,179.39337003642305,58,8.57142905044992,0.11666652403571713,2.3,2.0,0.2999999999999998,2
2025-02-18 10:00:00,219001553,2.4156908665105385,0.5780509407722225,13264.705584990741,1,0.0009984927900618754,0.015510756253303335,0.006988249845392705,12.9939553717371,173.30074115425384,77,6.581384285926847,0.15194348743674635,3.9,1.8,2.0999999999999996,2
2025-02-18 10:40:00,219001553,2.171076923076923,0.10898129691338312,12547.257491061433,1,0.0007013365578180399,0.012254514182593181,0.0061829605579605575,4.595047094042987,179.9999730668572,28,8.27621227075416,0.12082807436597234,2.6,2.0,0.6000000000000001,2
2025-02-18 11:20:00,219001553,2.299233716475096,0.36752732364826635,13401.935659264233,1,0.0009098794821722829,0.014394643167558918,0.005320845943955439,1.7025061774825772,52.293584862672255,6,10.606329714921069,0.0942832331301998,3.4,2.0,1.4,2
2025-02-18 12:00:00,219001553,1.8361445783132533,0.6911149792159749,13242.548884757698,1,-0.0005874145934386899,0.009719474636845324,0.0052685634312140345,2.4523643872429908,52.385118871711676,6,9.169070887302745,0.10906218543505167,2.3,0.0,2.3,2
2025-02-18 12:40:00,219001553,2.511144578313253,1.0324182813835032,12012.883409291328,1,0.0009041245867498239,0.028491086926305625,0.015913773572302423,1.9210773227164464,32.79279342443709,4,10.290807039978612,0.09717401408606507,4.6,0.5,4.1,2
2025-02-18 13:20:00,219001553,3.525409836065574,0.15898933650078748,7938.400658565033,1,-0.0001559653916211294,0.006366551930668935,0.0034961293260473585,0.8281669088550386,24.323085174248074,3,17.776809471605723,0.05625303230407803,3.9,3.2,0.6999999999999997,1
2025-02-18 14:00:00,219001553,3.9528455284552844,0.1582172122280942,3948.5968707600236,1,-4.003449125400702e-06,0.007704993126550373,0.004500595384741724,1.0891287780396521,32.65359940246867,5,19.765497416932675,0.05059318634761292,4.3,3.6,0.6999999999999997,1
2025-02-18 14:40:00,219001553,6.055331412103746,1.6453276259714948,915.1714127046782,1,-0.005849478731323112,0.03948475991402294,0.014566059940699708,2.19561531824741,46.21201907715698,8,21.771312849748945,0.0459319815750898,7.6,0.0,7.6,1
2025-02-18 15:20:00,219001553,0.0012195121951219514,0.010997986149878168,614.1512527924729,1,-0.00010922230434425557,0.002210929440508777,0.00033957460786729083,8.362004452695935,151.63443220633894,14,0.4256434281655635,2.3493291345254637,0.1,0.0,0.1,0
2025-02-18 16:00:00,219001553,0.0004065040650406504,0.006375767130633385,615.0761818727343,1,3.695491500369545e-06,0.0008634086897622254,7.760532150776053e-05,7.74118818150326,80.10188410902538,12,0.2739738055627181,3.6498507564933003,0.1,0.0,0.1,0
2025-02-18 16:40:00,219001553,0.0004065040650406504,0.006375767130633384,615.0745807238162,1,8.21220333415455e-06,0.0009171491497622679,8.212203334154555e-05,7.611273366942476,40.05094391259681,15,0.5000039520500512,1.9999441933570294,0.1,0.0,0.1,0
2025-02-18 17:20:00,219001553,0.003658536585365854,0.01881242718591056,615.725315436492,1,0.00018148969368481563,0.0037597759809778223,0.0007651720456598506,6.9667628899340075,55.93769738940879,9,0.5463170250161771,1.8304055157629984,0.1,0.0,0.1,0
2025-02-18 18:00:00,219001553,0.005263157894736842,0.022375027341296108,616.5996725897154,1,5.3163211057947965e-06,0.002583369312964997,0.0006547253915674968,6.237920406366926,30.0,16,0.6265901503458776,1.5959140760627157,0.1,0.0,0.1,0
2025-02-18 18:40:00,219001553,0.0,0.0,616.0794957474116,1,0.0,0.0,0.0,7.9704828393908675,81.02505395666736,10,0.32701210808591535,3.057897234694847,0.0,0.0,0.0,0
2025-02-18 19:20:00,219001553,0.0,0.0,616.1076980721923,1,0.0,0.0,0.0,7.510814089182478,60.0,15,0.3365279512326184,2.971433077123566,0.0,0.0,0.0,0
2025-02-18 20:00:00,219001553,0.0004032258064516129,0.0063500063500095275,615.8867556434739,1,8.145975887911368e-06,0.0009134287447211939,8.145975887911373e-05,6.2556687831617825,47.19845811918316,9,0.49556039650970735,2.0178767881273387,0.1,0.0,0.1,0
2025-02-18 20:40:00,219001553,0.005284552845528455,0.022418112329352834,615.0727762237635,1,4.660425392132709e-05,0.0035069262800415607,0.00105259916235526,7.602322321870275,56.59915742491675,11,0.5110669318450862,1.956652585335455,0.1,0.0,0.1,0
2025-02-18 21:20:00,219001553,0.00040816326530612246,0.0063887656499994,616.4811800754079,1,8.245722531436814e-06,0.0009190264810873586,8.245722531436818e-05,6.505841752354432,45.0,6,0.4180565813219114,2.3919634926045417,0.1,0.0,0.1,0
2025-02-18 22:00:00,219001553,0.0004065040650406504,0.006375767130633385,616.6150255570507,1,-1.3858093126385808e-05,0.0009873638053327352,8.776792313377679e-05,6.411123160174387,35.249145135186524,9,0.29770786096125107,3.3588848071501936,0.1,0.0,0.1,0
2025-02-18 22:40:00,219001553,0.0008130081300813008,0.008998276110179972,618.330195383321,1,-1.64244066683091e-05,0.0012969925576961387,0.0001642440666830911,6.9387582687323714,90.0,9,0.4280866461664808,2.3359211265839117,0.1,0.0,0.1,0
2025-02-18 23:20:00,219001553,0.001646090534979424,0.01275023315068114,618.0959066060987,1,-1.0288065843621402e-05,0.0018561004760480901,0.0003336866608471547,7.4822172695695555,90.0,11,0.5136957726023366,1.946639600591188,0.1,0.0,0.1,0
2025-02-18 00:00:00,219002585,0.0004201680672268908,0.006482037235521646,379.21644287918326,0,-1.0548523206751056e-05,0.0010419660944172716,9.493670886075949e-05,6.957716968105747,126.83055989352636,13,0.7973738687201225,1.254101116448588,0.1,0.0,0.1,0
2025-02-18 00:40:00,219002585,0.0030567685589519655,0.01725203547725545,377.8303897473002,0,8.82184288297825e-06,0.0009507236309499006,8.821842882978254e-05,5.696989990029435,89.99999788457671,10,0.8214131449631153,1.2173993466484359,0.1,0.0,0.1,0
2025-02-18 01:20:00,219002585,0.0,0.0,378.367270967904,0,0.0,0.0,0.0,6.429894910802397,142.35074703926352,12,0.6977376944349465,1.4331828080203477,0.0,0.0,0.0,0
2025-02-18 02:00:00,219002585,0.0,0.0,385.12566102851287,0,0.0,0.0,0.0,6.338313697159571,165.04811272389725,9,1.6069863652289385,0.6222789432741104,0.0,0.0,0.0,0
2025-02-18 02:40:00,219002585,0.0,0.0,378.21716994977373,0,0.0,0.0,0.0,6.791330566039863,175.63681232828878,11,0.8239283692070515,1.2136830100076395,0.0,0.0,0.0,0
2025-02-18 03:20:00,219002585,0.0004219409282700422,0.00649569802461631,379.0665641749939,0,0.0,0.0008386647345717138,7.70416024653313e-05,5.307390849572049,34.47892017979766,5,0.8677633902420882,1.1523745844765116,0.1,0.0,0.1,0
2025-02-18 04:00:00,219002585,7.375320512820513,2.601162223510557,1485.2479905007917,1,0.005395373641699685,0.03421296276216205,0.012910224079482455,3.841293644415293,174.51521835802282,10,29.707601944389655,0.03366140643926285,9.3,0.0,9.3,1
2025-02-18 04:40:00,219002585,7.838016528925619,0.45224313189706916,5286.373744213046,1,-0.0009473274659225066,0.006065970703821251,0.0020995521925273996,0.980582578973423,41.65890319147627,3,39.730590762595845,0.025169516211832478,9.2,7.3,1.8999999999999995,1
2025-02-18 05:20:00,219002585,7.418025751072962,0.0783529769006665,11809.18473709745,1,1.1305366341664111e-05,0.00445404333252805,0.001989770664906777,0.8768531950186164,43.40983194824361,3,39.50036099528929,0.025316217919048336,7.6,7.2,0.39999999999999947,1
2025-02-18 06:00:00,219002585,4.541304347826087,2.4580298930246647,18838.74816924579,1,-0.004236729689448764,0.03254103814141755,0.011250550764650915,0.6891526781544128,34.23003498244134,2,23.30287006837008,0.04291315052328401,8.0,1.4,6.6,2
2025-02-18 06:40:00,219002585,2.494570135746606,0.031150964007841578,22302.708589783633,1,1.1521263893180415e-05,0.0026911335811861635,0.0007868616397528818,0.3522664501153333,14.863049743220074,0,14.003936492258958,0.07140844193833329,2.6,2.4,0.20000000000000018,2
2025-02-18 07:20:00,219002585,2.5660194174757285,0.05046785609842376,25391.176304694727,1,-3.294509434122557e-05,0.003876274905524031,0.0015452761424165978,0.3196363458665504,12.95814241176447,0,15.514251695265614,0.06445682170651817,2.7,2.4,0.30000000000000027,2
2025-02-18 08:00:00,219002585,2.520975609756097,0.04199701658689451,28654.780072779304,1,3.229733449840532e-05,0.003597972649388784,0.0013674878892011564,0.31878401008044943,16.43213857914145,0,15.154522975671346,0.06598685697575579,2.6,2.4,0.20000000000000018,2
2025-02-18 08:40:00,219002585,2.5936170212765957,0.05025817971746402,31773.749495928336,1,-8.017233439096985e-05,0.005005643265998423,0.002486101910214744,0.44250507798669664,13.608132174138879,0,16.863428284809793,0.059299887906061104,2.7,2.5,0.20000000000000018,2
2025-02-18 09:20:00,219002585,2.464804469273743,0.08573109764553893,34614.86153972101,1,8.166411886331335e-05,0.004208220170435339,0.0015772962922373287,0.6565491770959363,26.54260710939556,1,16.928642478992636,0.05907144713620504,2.8,2.3,0.5,2
2025-02-18 10:00:00,219002585,2.00042194092827,0.9359803113556234,35928.0945061943,1,-0.0009166994148669713,0.029021394910486914,0.019647087981789116,3.043025626108177,164.46112616511255,3,10.171214236402665,0.09831658183495891,4.1,0.4,3.6999999999999997,2
2025-02-18 10:40:00,219002585,2.4652849740932643,0.12410952249980445,33745.394404260835,1,0.0005445731982269407,0.00469103380020225,0.0012929900088199176,1.6392944595903038,48.579732634737184,5,15.663917305859014,0.06384095000402326,2.8,1.4,1.4,2
2025-02-18 11:20:00,219002585,2.479638009049774,0.04255323087423881,30925.14753896925,1,-8.325008325008332e-05,0.0031699556679631864,0.0010695840107604823,2.2067699670718235,158.13904672747253,5,13.688426976256663,0.0730543598026973,2.6,2.4,0.20000000000000018,2
2025-02-18 12:00:00,219002585,2.4757847533632287,0.07319102699894006,27886.06022700142,1,-5.166441265095979e-05,0.002897367341300151,0.0007524907412799796,2.0999073417474743,75.81495354388059,6,13.611559863844409,0.07346691160556285,2.7,2.3,0.40000000000000036,2
2025-02-18 12:40:00,219002585,2.608163265306122,0.07602087350027371,24809.676491347298,1,8.529982966073197e-05,0.0022920402191982125,0.0005973591988629583,1.7295968089480764,54.324861035389404,5,16.360046072080745,0.06112448487915332,2.8,2.5,0.2999999999999998,2
2025-02-18 13:20:00,219002585,2.2288888888888887,0.673683313099862,21626.5228695425,1,-8.319111038409295e-05,0.019836284302151327,0.006708974748448431,1.9346119180992638,83.89805932397786,5,12.524206732451145,0.07984531259419428,2.8,0.2,2.5999999999999996,2
2025-02-18 14:00:00,219002585,3.78494983277592,2.7926691390663514,19827.403529222043,1,0.003365975811627986,0.030065162225330212,0.018317352936918156,2.5278367873955263,90.0,5,18.480091967545285,0.05411225553604617,7.5,0.2,7.3,2
2025-02-18 14:40:00,219002585,7.060337552742616,0.11288161257130072,12567.911905010034,1,8.508837622761705e-06,0.0045333719436885704,0.0020232903893796636,1.9191181240257986,45.45330620005609,7,36.518048029229355,0.02738371244165261,7.3,6.8,0.5,1
2025-02-18 15:20:00,219002585,7.272199170124481,0.07647805894051235,5980.34221259574,1,1.5625950327850047e-05,0.004075124076737243,0.0014883855558675367,1.0648746089512433,35.87534391416145,4,37.237603560075925,0.026854567315026428,7.5,7.1,0.40000000000000036,1
2025-02-18 16:00:00,219002585,6.035365853658536,0.5213104252576684,3086.5058550406357,1,-0.0011682445828787302,0.010622390635577893,0.003514823027018151,2.2025661602000026,128.24726700769747,7,30.33054008394423,0.03297005815035843,7.2,4.8,2.4000000000000004,1
2025-02-18 16:40:00,219002585,2.330827067669173,2.0860427626770743,2128.3920461323246,1,-0.0024846613286462916,0.013104842679762127,0.0040165212815588755,2.2104753024853876,134.32093608643288,5,11.00036058540598,0.09090602832296253,5.9,0.6,5.300000000000001,2
2025-02-18 17:20:00,219002585,1.0673640167364018,0.05744706480218309,1509.7919749694322,1,-3.3071298761675375e-05,0.004404470942306905,0.0019550103545919453,0.6095177914380037,13.354397293811664,0,5.547453535047867,0.18026256390550052,1.2,1.0,0.19999999999999996,2
2025-02-18 18:00:00,219002585,4.635016835016835,2.756084071377252,1075.4331515300364,1,0.000757081489404721,0.03224465039528303,0.01681030121354417,1.5749681761177194,44.76642037171729,6,18.952328702009666,0.05276393672164387,7.9,0.2,7.7,1
2025-02-18 18:40:00,219002585,1.853054662379421,2.66878889898114,563.8518871126106,1,0.00241971261388737,0.03328484120914526,0.011707038017717629,5.718019073491366,167.724878366108,12,5.1586859449022375,0.1938474394848156,6.4,0.0,6.4,0
2025-02-18 19:20:00,219002585,0.1468503937007874,0.6643147984521588,380.79464881336247,0,-0.00363798275215598,0.016025842477117507,0.0038348331458567674,7.3190247600561245,146.27206242519298,16,0.9606107769489496,1.0409935158555739,4.5,0.0,4.5,0
2025-02-18 20:00:00,219002585,0.0,0.0,381.1998906364905,0,0.0,0.0,0.0,6.674922269130785,151.89343194685472,10,1.107225908733033,0.9031498997754337,0.0,0.0,0.0,0
2025-02-18 20:40:00,219002585,0.000823045267489712,0.009053420646295452,377.7583945724997,0,-1.6627177121004273e-05,0.0013050057090081904,0.00016627177121004283,5.518364897731357,70.65010891419587,9,0.9683669109109856,1.0326557652632027,0.1,0.0,0.1,0
2025-02-18 21:20:00,219002585,0.0,0.0,379.0437417115141,0,0.0,0.0,0.0,5.726315296627328,75.94674500743042,7,0.5724399371869633,1.7468776482255042,0.0,0.0,0.0,0
2025-02-18 22:00:00,219002585,0.0,0.0,381.16099549355573,0,0.0,0.0,0.0,6.8841157551134655,89.999999147008,14,1.1180036162009417,0.8944434893360628,0.0,0.0,0.0,0
2025-02-18 22:40:00,219002585,0.0,0.0,380.11935742223613,0,0.0,0.0,0.0,5.1171855202279035,89.99999788457899,9,0.883456512866089,1.131904815221417,0.0,0.0,0.0,0
2025-02-18 23:20:00,219002585,0.0,0.0,381.1317554374339,0,0.0,0.0,0.0,7.6603816747472875,176.18047824646283,13,0.9557920884513598,1.046241698027938,0.0,0.0,0.0,0
2025-02-18 00:00:00,219005513,0.0,0.0,650.0184293736299,1,0.0,0.0,0.0,7.5285428691305905,151.50462477676706,8,0.6451292717657643,1.5500529013882103,0.0,0.0,0.0,0
2025-02-18 00:40:00,219005513,0.0,0.0,647.8955439469552,1,0.0,0.0,0.0,6.393150380486531,90.0,7,0.7024007330189949,1.4236684506541526,0.0,0.0,0.0,0
2025-02-18 01:20:00,219005513,0.0,0.0,649.2911020931936,1,0.0,0.0,0.0,6.760084005160907,75.75231251573092,13,0.48281986740621896,2.071122909964206,0.0,0.0,0.0,0
2025-02-18 02:00:00,219005513,0.0,0.0,648.6538290320627,1,0.0,0.0,0.0,5.994699859480069,86.13572453538615,7,0.59818558532927,1.6716940487776442,0.0,0.0,0.0,0
2025-02-18 02:40:00,219005513,0.0025641025641025645,0.015840072297589703,649.1221566280234,1,2.136752136752137e-05,0.00200546035604045,0.00040770957437624104,7.1079206713901755,161.25885070992422,6,0.7454590980420146,1.3414372274136037,0.1,0.0,0.1,0
2025-02-18 03:20:00,219005513,0.0,0.0,648.0723847791351,1,0.0,0.0,0.0,7.110399248271538,171.5785077943791,12,0.7438652114445627,1.3443114982391438,0.0,0.0,0.0,0
2025-02-18 04:00:00,219005513,0.0,0.0,647.8450818668371,1,0.0,0.0,0.0,6.805096928303743,60.0,13,0.4798927385594772,2.0837555605573272,0.0,0.0,0.0,0
2025-02-18 04:40:00,219005513,0.0,0.0,649.4071667196664,1,0.0,0.0,0.0,7.0739531969425995,90.0,9,0.5441391340448891,1.8377314920389194,0.0,0.0,0.0,0
2025-02-18 05:20:00,219005513,0.0,0.0,648.6923325813905,1,0.0,0.0,0.0,6.467420886068583,140.8448528418213,9,0.6308764146541642,1.585071380159889,0.0,0.0,0.0,0
2025-02-18 06:00:00,219005513,2.230573248407643,2.6704551411232726,823.6260911993809,1,0.005166489212541843,0.029036906292362826,0.014210684539631906,5.106635886491544,62.539934245315465,12,6.03648563719057,0.16565902803590982,6.8,0.0,6.8,0
2025-02-18 06:40:00,219005513,6.294672131147541,0.17896678509330408,2697.093190087774,1,-0.0019760813994082363,0.0359092999229246,0.018175136838229765,1.5367249010744215,65.26415150675513,5,32.049716808208416,0.031201514009282755,6.8,5.8,1.0,1
2025-02-18 07:20:00,219005513,6.152140077821011,0.7459822670825055,6051.775742747697,1,-0.0014296508390996587,0.027176861667759813,0.01787162968265331,1.2661311565776712,87.80858321329566,3,30.169424238656514,0.03314613035463178,6.9,2.8,4.1000000000000005,1
2025-02-18 08:00:00,219005513,1.1307291666666666,0.5388736823392304,6115.1098266489125,1,-0.002975568817605372,0.11263135250006648,0.06815315595341705,6.14539242118717,99.89662976901957,24,3.664153688157453,0.27291357185597137,3.7,0.0,3.7,2
2025-02-18 08:40:00,219005513,1.3472222222222223,0.9354325444345248,6249.548862567871,1,-0.000452924104609497,0.0963052868011428,0.06242979554777307,5.926055548849239,102.9826853362311,18,4.165317569414064,0.2400771567986596,3.7,0.1,3.6,2
2025-02-18 09:20:00,219005513,0.9453703703703704,0.48673759325957405,6439.8137242150315,1,0.0031442511535104125,0.0881117360098177,0.05195878538471131,7.749046496494453,108.07836651882013,25,3.540149850640297,0.2824731204776342,1.9,0.0,1.9,2
2025-02-18 10:00:00,219005513,1.1378881987577638,0.46830297451015973,6493.792868067329,1,-0.0009475934242289387,0.10003551368315067,0.053746993746993744,5.524119341077251,120.21912845103026,15,4.074983676191726,0.2453991538299876,2.8,0.0,2.8,2
2025-02-18 10:40:00,219005513,1.930935251798561,0.6916572387134666,6433.20071556665,1,-0.0013154104219086173,0.06118426280358438,0.03300650913466798,4.917156588993177,121.57810021695639,9,8.631908006137039,0.11584910784474894,3.0,0.1,2.9,2
2025-02-18 11:20:00,219005513,5.805577689243028,1.4495132855342305,3681.3855218815347,1,0.001138476397440535,0.04562266880056942,0.023516036862650407,3.7184336521167642,113.15556520091093,8,28.39586370989525,0.03521638426119374,7.1,2.3,4.8,1
2025-02-18 12:00:00,219005513,4.070447761194029,3.0133721103701,937.0234942151612,1,-0.005950598802395206,0.035281695678308474,0.01905657300118378,4.621014119095471,165.94224740936954,9,13.671554185373592,0.07314452000085268,7.2,0.0,7.2,1
2025-02-18 12:40:00,219005513,0.004149377593360996,0.021970683346093933,649.3303241819904,1,0.00015989773251184043,0.0038569920435610043,0.0005811224275954567,7.13582601016177,121.55167143499648,11,0.5051775234298724,1.9794629788374316,0.2,0.0,0.2,0
2025-02-18 13:20:00,219005513,0.004938271604938272,0.02171129824263099,649.0101951150081,1,-7.930545120627788e-06,0.0026686793797545097,0.0007241839886467986,7.36358767091342,151.50462190270912,12,0.6159728601218738,1.623421794239774,0.1,0.0,0.1,0
2025-02-18 14:00:00,219005513,0.006995884773662552,0.025560412628491253,649.3538471350847,1,-0.0004311272797571188,0.007091380023409121,0.0013077490872184217,7.434333914037387,137.05869398751997,12,0.6566741799072535,1.5228020266016378,0.1,0.0,0.1,0
2025-02-18 14:40:00,219005513,0.0012295081967213116,0.011042593842457484,648.4325433799189,1,-9.144947416552356e-06,0.0016932130422849549,0.0002652034750800183,6.945827638128516,171.18365089909025,12,0.8480388104119918,1.1791774102179198,0.1,0.0,0.1,0
2025-02-18 15:20:00,219005513,0.00040816326530612246,0.0063887656499994,648.6940670598359,1,4.53514739229025e-06,0.000956967013561208,8.616780045351474e-05,8.202205804355025,173.80365289808475,11,0.6401517466275903,1.56210521054727,0.1,0.0,0.1,0
2025-02-18 16:00:00,219005513,0.0,0.0,648.995495970312,1,0.0,0.0,0.0,7.3289888058924015,128.29046201568656,10,0.5574334969475199,1.7939037866184746,0.0,0.0,0.0,0
2025-02-18 16:40:00,219005513,0.0004065040650406504,0.006375767130633385,648.205609175597,1,-8.279516476237784e-06,0.0009209153880578855,8.279516476237789e-05,7.378613420247581,140.84486656588285,11,0.6317844745410695,1.582793203005443,0.1,0.0,0.1,0
2025-02-18 17:20:00,219005513,0.003278688524590164,0.017844440890679023,647.9481106235522,1,-1.340566155380971e-05,0.0024521949880949886,0.000584964875088332,7.258166023989907,128.29045602589946,11,0.4979987050999903,2.00799702848411,0.1,0.0,0.1,0
2025-02-18 18:00:00,219005513,0.00411522633744856,0.019905227277922495,647.1408143569425,1,-4.163536188329577e-05,0.002946285729103671,0.0008376116537273563,7.306913068177726,174.83022370117988,16,0.8983966175051242,1.1130817388422636,0.1,0.0,0.1,0
2025-02-18 18:40:00,219005513,0.0028925619834710746,0.01679448716746462,649.2683031373357,1,2.7026462976876195e-05,0.0025074078237543596,0.0005996953001085232,8.022410156612796,133.40913541756817,14,1.0125354433409943,0.9876099947676428,0.1,0.0,0.1,0
2025-02-18 19:20:00,219005513,0.0037344398340248964,0.018999890805539026,647.8982658886572,1,0.000529201951245554,0.007258978088223951,0.0011926187663910633,8.0995683308772,172.271443934981,16,0.4753409385777478,2.1037088997699356,0.1,0.0,0.1,0
2025-02-18 20:00:00,219005513,0.004132231404958678,0.019944712856639017,648.5530221565544,1,0.0003754208754208754,0.0070205531442336004,0.0011818181818181819,8.31275152928058,180.0,8,0.5474815633152944,1.8265121638488355,0.1,0.0,0.1,0
2025-02-18 20:40:00,219005513,0.008936170212765958,0.028587401037704737,648.3526254776151,1,0.00016409597549948428,0.004899837677440518,0.0015284707170672082,6.793927329336392,89.99999791869288,11,0.6322135795643145,1.5817189240064917,0.1,0.0,0.1,0
2025-02-18 21:20:00,219005513,0.00041493775933609963,0.00644156626400831,647.6994704275824,1,-4.610419548178885e-06,0.0009649086041241374,8.75979714153988e-05,7.03782302810549,158.8061516176581,10,0.9304031706187494,1.074791320220643,0.1,0.0,0.1,0
2025-02-18 22:00:00,219005513,0.0016666666666666668,0.012828663860958465,647.8266440442299,1,-8.452728118000139e-07,0.001656429829568107,0.0002611892988462026,8.283023217472083,180.0,11,0.5442408375947558,1.8373880771950064,0.1,0.0,0.1,0
2025-02-18 22:40:00,219005513,0.0004184100418410042,0.00646846227353151,646.1289554452819,1,1.1622501162250119e-05,0.0009002076087402427,8.135750813575082e-05,8.086164984373028,89.99999966430522,12,0.4697052774166032,2.12894927646365,0.1,0.0,0.1,0
2025-02-18 23:20:00,219005513,0.0008333333333333334,0.009109591554974669,647.9953188425649,1,-2.8573239870311005e-05,0.0012322269896920166,0.00015210382365194084,6.747855331522017,137.86270178319148,9,1.1810536899486004,0.8466943895663406,0.1,0.0,0.1,0
2025-02-18 00:00:00,219006598,0.012195121951219513,0.03278965952897168,462.0994351127131,0,-0.0001551226551226551,0.004752608134953653,0.0019285714285714288,8.606177337851662,59.234049461373615,9,0.47084751727081436,2.1237847189871846,0.1,0.0,0.1,0
2025-02-18 00:40:00,219006598,0.0012048192771084338,0.010932076621647073,461.24445955364274,0,0.0,0.0015711651168403818,0.00024258650764674862,10.259061457236259,151.04575878707095,16,0.45620187593545825,2.1919639815371075,0.1,0.0,0.1,0
2025-02-18 01:20:00,219006598,0.00205761316872428,0.01422534018469873,461.9413956349439,0,6.089703620567818e-05,0.002344503211850318,0.0003917778609136634,7.853195339190887,89.99999835312008,12,0.45388119757602796,2.203171168201598,0.1,0.0,0.1,0
2025-02-18 02:00:00,219006598,0.008906882591093119,0.028542142448085596,460.1995149160203,0,1.881159775896619e-05,0.0038519501594203023,0.001436224594119331,7.504249971876389,54.09595796908013,8,0.41528224145648646,2.4079428897897626,0.1,0.0,0.1,0
2025-02-18 02:40:00,219006598,0.014979757085020244,0.0357597504348152,463.8340204655669,0,-5.111847217110365e-06,0.005200529503062209,0.0024477569214411323,7.2966048909629295,40.40898231074556,9,0.5290637905678921,1.8900955175394907,0.1,0.0,0.1,0
2025-02-18 03:20:00,219006598,0.013008130081300813,0.03370786765423252,460.92524645030056,0,0.00012154060934548736,0.005185464736461015,0.0022805288658947196,7.715795614918987,159.7538044508293,8,0.48112987895721054,2.078397662998401,0.1,0.0,0.1,0
2025-02-18 04:00:00,219006598,0.0172,0.037813747739047096,462.3247734844419,0,6.666666666666668e-05,0.006043664881155809,0.002891919191919192,10.079774005391377,180.0,14,0.46126421113087357,2.1679078861754926,0.1,0.0,0.1,0
2025-02-18 04:40:00,219006598,0.012955465587044536,0.033649466957293525,462.1771074416667,0,-0.0002554901239111765,0.005443222340935383,0.002305136384083753,8.476437161752747,151.04574676576294,13,0.46402771021588196,2.15499727281814,0.1,0.0,0.1,0
2025-02-18 05:20:00,219006598,0.015163934426229509,0.035940820277706044,463.0081743647653,0,3.4773969200198695e-05,0.0050915531964364266,0.0025028978307666833,7.6300161295401425,35.89606377859624,14,0.3504799837408613,2.853148581670628,0.1,0.0,0.1,0
2025-02-18 06:00:00,219006598,0.013414634146341465,0.034150429962158585,462.0535240656719,0,-0.00022316662560564998,0.005201548727449846,0.002185062002135173,7.528721918938762,31.03229208740302,14,0.38474502204465294,2.599056393561367,0.1,0.0,0.1,0
2025-02-18 06:40:00,219006598,0.005263157894736842,0.02237502734129611,463.2957428326827,0,-8.178955547376652e-07,0.003256013210434771,0.0010509957878378931,7.832578147056974,39.93845577017851,14,0.35875974901547636,2.78730300629907,0.1,0.0,0.1,0
2025-02-18 07:20:00,219006598,0.0036,0.018666379802729807,461.7757536776992,0,7.313131313131313e-05,0.0026967140259652883,0.0007002020202020203,10.083348810669303,140.3107596400896,19,0.2940642703810036,3.4005015083584045,0.1,0.0,0.1,0
2025-02-18 08:00:00,219006598,0.004435483870967742,0.020629856095425326,462.0034261526804,0,5.96692733789508e-05,0.0032301289214613743,0.0007960654936461388,9.317360658033943,140.3107618150375,15,0.29373221779958547,3.4043455091030883,0.1,0.0,0.1,0
2025-02-18 08:40:00,219006598,0.0020161290322580645,0.014083604543537458,462.0724126715666,0,-1.0997067448680338e-05,0.0017938462877905247,0.0003205441511893125,6.970680819805158,89.99999917656055,11,0.305276971248162,3.2756065413191804,0.1,0.0,0.1,0
2025-02-18 09:20:00,219006598,0.002916666666666667,0.01686251733681686,462.57290090252013,0,-3.303872053872054e-05,0.0025060463056999394,0.0006012205387205387,7.795264871933233,180.0,13,0.3516921984787446,2.8433146119797024,0.1,0.0,0.1,0
2025-02-18 10:00:00,219006598,0.003658536585365854,0.01881242718591056,462.1683142519264,0,2.7745515550393598e-05,0.0025868994009202837,0.000633336852849048,8.385258323328868,50.34858631381943,20,0.20002710771493634,4.999072479217475,0.1,0.0,0.1,0
2025-02-18 10:40:00,219006598,0.013114754098360656,0.03382555021377163,462.8469358972789,0,-0.00010659877463156149,0.004445764517469075,0.0019293343268753105,8.008201252455223,53.251269804371454,15,0.25583472048122846,3.9086208154659605,0.1,0.0,0.1,0
2025-02-18 11:20:00,219006598,0.007377049180327869,0.02619343299374047,462.9135574826586,0,-2.7322404371584696e-05,0.0035791862708612985,0.0011889385659877465,7.805853136688928,45.0,11,0.2932463142709811,3.409986252081032,0.1,0.0,0.1,0
2025-02-18 12:00:00,219006598,0.01056910569105691,0.03080685884425753,461.0227649947186,0,-7.514166050751415e-05,0.004391643335834707,0.0017816375133448304,8.48078798215897,89.9999987922887,19,0.21710192333463116,4.6059193094555,0.1,0.0,0.1,0
2025-02-18 12:40:00,219006598,0.007916666666666667,0.027056297523946695,461.1102232625534,0,4.814593301435405e-05,0.0036150914250576566,0.0013053894205209996,8.229187940689975,53.25127060594482,18,0.23283607416013438,4.294682672263023,0.1,0.0,0.1,0
2025-02-18 13:20:00,219006598,0.6430894308943089,1.3488668744656367,422.33403823901057,0,0.0016308116003237955,0.009447199887295758,0.004381694412182217,6.064130406191784,50.34858437475111,11,3.2239213747329636,0.310180299691655,4.0,0.0,4.0,0
2025-02-18 14:00:00,219006598,4.944489795918368,1.6180146978304766,2330.7024585846902,1,-0.00041929344077571817,0.03518249355540327,0.02304325904433316,1.3958810273773752,45.54509326608547,6,24.79055442399551,0.04033792788646921,7.2,2.1,5.1,1
2025-02-18 14:40:00,219006598,2.0028455284552846,0.6295706607343411,5578.731155157415,1,0.0013421673177770744,0.032979097583485224,0.01762696652940556,2.747339744342801,178.49081464563812,8,9.892003329936786,0.10109165512076705,3.5,0.6,2.9,2
2025-02-18 15:20:00,219006598,1.9318367346938776,0.7214843348031492,6678.684595483632,1,-0.0002669318985108459,0.03885645973899412,0.022196604565025622,2.6676934116981683,174.98951299662775,7,9.597326351922714,0.10419557711965172,2.6,0.3,2.3000000000000003,2
2025-02-18 16:00:00,219006598,4.639430894308943,1.485312473584095,3971.5102284139866,1,0.0021718344889076597,0.03731710844488156,0.022367460904046274,2.364732816026771,74.43628021565002,6,23.200158857356016,0.04310313455683891,6.9,1.3,5.6000000000000005,1
2025-02-18 16:40:00,219006598,2.116115702479339,2.6648683717661448,426.96762170351457,0,-0.00231779046916063,0.032483714610437,0.014160717973245158,4.859537828210438,140.31076182996333,9,10.866853388873176,0.09202287396231762,7.8,0.0,7.8,1
2025-02-18 17:20:00,219006598,0.0004166666666666667,0.00645497224367903,460.9916062167888,0,0.0,0.0009147787074926965,8.333333333333333e-05,6.4554465584904905,23.38512637745892,10,0.3006936028033363,3.3255338169460242,0.1,0.0,0.1,0
2025-02-18 18:00:00,219006598,0.0004132231404958678,0.006428243465332252,462.12855321248463,0,0.000371900826446281,0.006462958267456729,0.00045454545454545455,7.746391905635899,164.5368016537476,16,0.4416048869274977,2.264416417112712,0.1,0.0,0.1,0
2025-02-18 18:40:00,219006598,0.000823045267489712,0.009053420646295454,462.7075461194788,0,-7.5443228970199835e-06,0.0012336861081862647,0.00015843078083741985,7.138340711710441,83.76060888309996,13,0.470593768141131,2.124929861802778,0.1,0.0,0.1,0
2025-02-18 19:20:00,219006598,0.0004065040650406504,0.006375767130633385,461.650365733103,0,8.21220333415455e-06,0.0009171491497622679,8.212203334154555e-05,8.611287626196694,159.7538108598908,14,0.4458176996732371,2.2430189975475625,0.1,0.0,0.1,0
2025-02-18 20:00:00,219006598,0.0004166666666666667,0.006454972243679029,460.54392576895435,0,0.0,0.0009147787074926965,8.333333333333333e-05,7.887450464108969,167.52120599796325,9,0.438115348836039,2.282451820367584,0.1,0.0,0.1,0
2025-02-18 20:40:00,219006598,0.0004065040650406504,0.006375767130633385,459.1656777408825,0,-3.7257824143070002e-06,0.0008669544655674197,7.82414307004471e-05,9.089981969507551,180.0,19,0.41608417073250714,2.4033021136526957,0.1,0.0,0.1,0
2025-02-18 21:20:00,219006598,0.00205761316872428,0.01422534018469873,459.99859325561334,0,1.662717712100439e-06,0.002092011315100476,0.0004223302988735088,8.621032288625438,173.68572498089088,14,0.3732303720803271,2.679238567967092,0.1,0.0,0.1,0
2025-02-18 22:00:00,219006598,0.0,0.0,460.6232284716606,0,0.0,0.0,0.0,8.885665544939997,157.46402452975155,13,0.40164354083531834,2.489707915733299,0.0,0.0,0.0,0
2025-02-18 22:40:00,219006598,0.0,0.0,461.216758810734,0,0.0,0.0,0.0,7.760696879323892,151.04574155417527,9,0.42605484560641527,2.3470605714412005,0.0,0.0,0.0,0
2025-02-18 23:20:00,219006598,0.014979757085020244,0.03575975043481519,460.6690659501861,0,-1.860712387028176e-05,0.004779325034582943,0.002265775160512003,10.840621290579527,164.5367970500323,11,0.4610806942437622,2.1687707266356924,0.1,0.0,0.1,0
2025-02-18 00:00:00,219012671,1.8970873786407767,1.7531739458613291,40132.525678794525,1,0.001618239002139931,0.009556869709125457,0.003067941690232712,1.3067842672009184,16.81003831173279,0,19.959417910693883,0.05010163640332692,4.2,0.3,3.9000000000000004,2
2025-02-18 00:40:00,219012671,2.780672268907563,1.3364053296965777,43178.71408010626,1,-0.0014469872349776559,0.0068083216820660234,0.0020831607327168327,0.7025973954468905,19.000483042506517,1,28.744912147218766,0.03478875311884453,3.8,0.3,3.5,2
2025-02-18 01:20:00,219012671,0.2326923076923077,0.0510896940043469,43984.510520461816,1,-0.00010955489067837243,0.002033872239578352,0.000858088576965095,0.6636519839951339,24.208453699208935,1,2.870481050849089,0.34837244996956207,0.3,0.1,0.19999999999999998,2
2025-02-18 02:00:00,219012671,0.29139784946236563,0.06017350633700961,43779.40223211634,1,-2.425841754304136e-05,0.002106846189447625,0.0007389794633336967,4.604517741037744,161.4908581560984,5,3.9918518918285373,0.2505096686954602,0.4,0.2,0.2,2
2025-02-18 02:40:00,219012671,0.3324074074074074,0.050840971967487256,43633.21071824557,1,1.3847020425967822e-05,0.0022515624020370624,0.0007806054406931602,1.3250765876959798,22.579863246381926,3,3.8611065707721157,0.25899243953673945,0.4,0.2,0.2,2
2025-02-18 03:20:00,219012671,0.2281818181818182,0.06226875485768344,43596.42240619993,1,0.00014216259551187778,0.00251392372798138,0.0011319856379664991,1.6320377758947284,17.60089556066945,0,2.584708054795104,0.3868893932724403,0.4,0.1,0.30000000000000004,2
2025-02-18 04:00:00,219012671,0.21964285714285717,0.05170826987770111,43718.36877421245,1,0.00011008376022473764,0.0017374814720996304,0.00046260404695555064,1.2930689484755422,14.999997388169769,0,2.5135893709603545,0.39783587295295053,0.3,0.1,0.19999999999999998,2
2025-02-18 04:40:00,219012671,1.0952830188679246,1.67089266564009,43905.529808332874,1,0.001019128725186322,0.008068493769251466,0.0018257765626186677,1.3681134619910622,15.129075167741089,0,14.712157434022265,0.06797095020054451,4.3,0.1,4.2,2
2025-02-18 05:20:00,219012671,1.0783018867924528,1.4470992144866346,44153.14841112362,1,-0.0005741468265480506,0.011855949013324632,0.005281579413821751,1.1497319884097064,13.610251008868005,0,10.941630064407855,0.09139397696446878,4.4,0.0,4.4,2
2025-02-18 06:00:00,219012671,2.836893203883495,0.4818246144304034,43690.35322829119,1,-0.0006117306172143714,0.008848930931438995,0.0023555871694510965,0.599773022746013,10.74044643316457,0,35.00546862729026,0.028566956922577262,4.8,2.3,2.5,2
2025-02-18 06:40:00,219012671,2.700909090909091,0.009534625892455934,43117.699679279525,1,0.0,0.000677285461478594,9.090909090909058e-05,0.5899696519748958,9.27149265287978,0,30.37085089762383,0.03292629745896464,2.8,2.7,0.09999999999999964,2
2025-02-18 07:20:00,219012671,2.7513513513513512,0.05020841085798767,42758.70731885391,1,9.75035185561498e-05,0.002624024186046274,0.0011889709258130269,1.6809156376668686,64.04788481818218,2,30.48293022169628,0.032805234427099275,2.8,2.7,0.09999999999999964,2
2025-02-18 08:00:00,219012671,2.711206896551724,0.03168198424873396,42691.122406311944,1,-4.76406533575316e-05,0.0012353132279353707,0.00030215625270071624,1.9191064143127314,63.684146601376085,2,28.60405892583193,0.03496006119244505,2.8,2.7,0.09999999999999964,2
2025-02-18 08:40:00,219012671,2.7033898305084745,0.029036385631984248,42836.10354686543,1,4.2189448969109664e-05,0.001978542623206215,0.0005478449590849221,0.6499753894113826,10.764612039482339,0,28.286325007550303,0.0353527595474308,2.8,2.6,0.19999999999999973,2
2025-02-18 09:20:00,219012671,2.6973214285714286,0.021052578659420156,43269.78680548889,1,5.891025109230691e-05,0.0012967096046940705,0.0003489919448737988,0.6291337023021318,9.327223665246834,0,29.659879429403286,0.03371556736178023,2.8,2.6,0.19999999999999973,2
2025-02-18 10:00:00,219012671,2.679439252336449,0.04902505666052615,44055.94401239401,1,-1.69909052312805e-05,0.0017899174482636309,0.0005863952670606305,0.5787602250576653,10.095991289749785,0,30.880910587524756,0.0323824543107688,2.7,2.4,0.30000000000000027,2
2025-02-18 10:40:00,219012671,1.704950495049505,2.0477976578570334,44765.31519939272,1,0.002278132095402509,0.028312481784433872,0.013950490766883721,3.619362497955308,122.8919433047792,3,20.161006128599624,0.04960067457023852,6.4,0.1,6.300000000000001,2
2025-02-18 11:20:00,219012671,2.923333333333334,0.6342384622255985,44186.2514686887,1,-0.0007599268827339008,0.008701123467269513,0.003614574184749625,0.7919631918450846,18.019801971958877,1,38.6613454502838,0.025865621842615955,4.9,2.3,2.6000000000000005,2
2025-02-18 12:00:00,219012671,2.6054945054945056,0.02291354457587316,43474.19042674629,1,-2.7541380924839686e-07,0.0012724780504838361,0.0003247128811038588,1.28036896386302,19.80413507090854,3,33.23548403435142,0.030088314588205715,2.7,2.6,0.10000000000000009,2
2025-02-18 12:40:00,219012671,2.62,0.04045199174779461,43065.135876291264,1,0.00032275132275132304,0.003136093262226089,0.0011598440545808977,0.6741621806937346,19.624699212072272,1,68.59107582332628,0.014579153952683492,2.7,2.6,0.10000000000000009,2
2025-02-18 13:20:00,219012671,2.6,0.0,42825.80891877689,1,0.0,0.0,0.0,0.3965222704032276,8.908570985525357,0,89.53462891189267,0.011168861707076951,2.6,2.6,0.0,2
2025-02-18 14:00:00,219012671,2.6,0.0,42942.22051905042,1,0.0,0.0,0.0,0.7494609095219447,16.876217386749545,0,55.89464753362248,0.017890797513133827,2.6,2.6,0.0,2
2025-02-18 14:40:00,219012671,2.6231481481481485,0.042374568024113005,43262.25015249286,1,0.0001014872067503647,0.002949131679556531,0.0013667667615036047,1.2942247141435146,19.334498535863684,3,29.97752212393568,0.03335831635058264,2.7,2.6,0.10000000000000009,2
2025-02-18 15:20:00,219012671,2.604716981132076,0.021300907522352797,43835.04080492048,1,-2.358490566037738e-05,0.0013163592421401344,0.00035424646521965323,0.8963115337394691,19.26401437147653,2,30.319128663448062,0.032982467315457516,2.7,2.6,0.10000000000000009,2
2025-02-18 16:00:00,219012671,2.678,0.052377803919545635,44604.619259517,1,-0.00022104566972987977,0.0024090409249004434,0.000812788916736285,0.5235084803955818,24.473079739946655,1,32.89758531039096,0.03039735854748454,2.8,2.6,0.19999999999999973,2
2025-02-18 16:40:00,219012671,2.0851063829787235,1.448540789438978,44823.952553366056,1,0.00045654243565910286,0.022820718579807574,0.01056581681362774,1.7287177778553235,29.84314486551866,3,25.807698198960743,0.03874811324936901,5.7,0.0,5.7,2
2025-02-18 17:20:00,219012671,5.350450450450451,0.40538957108034285,41036.47198024632,1,0.0006522331779071183,0.004048646206226341,0.0017488458534671634,1.1490170683046979,22.175353289019295,4,59.18726554160661,0.016895523418661747,5.7,3.5,2.2,1
2025-02-18 18:00:00,219012671,5.5249999999999995,0.07039144092114416,34302.98012353208,1,-5.769268554661932e-05,0.0018558200340353921,0.0007303564879096702,1.640116500244529,26.04595356899249,5,60.867319887480825,0.01642917476170874,5.7,5.3,0.40000000000000036,1
2025-02-18 18:40:00,219012671,5.561290322580645,0.16165288387447932,27611.91056432138,1,0.0001348076560300667,0.001660399249317227,0.0005521143636593565,5.2257512177441106,133.45819671327752,10,55.47990837987599,0.01802453985517625,5.8,5.3,0.5,1
2025-02-18 19:20:00,219012671,5.4937007874015755,0.09656647640073852,20566.332633247606,1,-0.00039955531874305073,0.0037577438412439122,0.001682223932534744,2.74477387231326,133.1203560514728,7,53.33285552671549,0.018750164464706665,5.8,5.3,0.5,1
2025-02-18 20:00:00,219012671,5.448031496062992,0.05752900400417451,13819.433454429698,1,0.0001287339082614677,0.002578604205874785,0.0010056637657134956,1.8089974187663338,26.872126020701625,7,52.89848478994812,0.018904129578182667,5.6,5.3,0.2999999999999998,1
2025-02-18 20:40:00,219012671,5.459541984732825,0.37719177451554337,7026.157566461155,1,-0.0012158953942802877,0.008016045509170362,0.0024791680798109056,3.8942212218871513,132.8839733712722,7,51.271906247354586,0.01950385460874199,5.7,2.9,2.8000000000000003,1
2025-02-18 21:20:00,219012671,0.5694805194805195,0.22732543315521353,3539.537325353439,1,-0.0007744839272522116,0.004107773047114162,0.0013506537891363592,19.9168195676231,121.40106717299216,30,4.491569493945542,0.2226388292465841,2.3,0.3,1.9999999999999998,1
2025-02-18 22:00:00,219012671,2.7855263157894736,2.8975305287202424,2412.740898307748,1,0.0006850459482038431,0.01861359274785751,0.007176164094446641,20.73726969740753,165.74099504094818,26,22.20352430860831,0.04503787487617681,7.8,0.0,7.8,1
2025-02-18 22:40:00,219012671,0.001282051282051282,0.01128618617362572,290.31015713197075,0,-1.6869095816464223e-06,0.0005830973310075318,6.578947368421052e-05,21.492688704902413,180.0,27,0.5008155019719464,1.9967034347544366,0.1,0.0,0.1,0
2025-02-18 23:20:00,219012671,0.26249999999999996,0.8772872204317508,309.94667824781783,0,-0.001539328118275487,0.029646740862720365,0.006564026860079492,16.32837186570866,180.0,18,2.825684328988231,0.35389532043193794,5.2,0.0,5.2,0
2025-02-18 00:00:00,219013885,0.0,0.0,318.56063381094043,0,0.0,0.0,0.0,8.081712888330348,180.0,14,0.5703036705313588,1.7534210587452768,0.0,0.0,0.0,0
2025-02-18 00:40:00,219013885,0.0,0.0,319.32970419071506,0,0.0,0.0,0.0,9.99818194475931,180.0,12,0.5503482384012688,1.8169983298603691,0.0,0.0,0.0,0
2025-02-18 01:20:00,219013885,0.0,0.0,319.88449466055755,0,0.0,0.0,0.0,8.448424431809944,151.89405419155463,12,0.5483667956680145,1.8235636662594978,0.0,0.0,0.0,0
2025-02-18 02:00:00,219013885,0.0004184100418410042,0.006468462273531511,319.8665201756606,0,-8.452728118000081e-06,0.0009305377996923852,8.452728118000086e-05,8.483801855193377,165.048517174601,14,0.5673759631736035,1.762468698391168,0.1,0.0,0.1,0
2025-02-18 02:40:00,219013885,0.0025000000000000005,0.01564512302530687,318.93831033442183,0,9.25925925925926e-06,0.0013674228334728947,0.00017592592592592592,7.908728650784001,146.27276052455528,12,0.920524736526178,1.086325111177988,0.1,0.0,0.1,0
2025-02-18 03:20:00,219013885,6.092391304347826,3.3081794068856505,1027.1295429539293,1,0.00581956716926529,0.02636707157744161,0.010716132517167534,2.4630796115518514,65.93382825462925,7,27.404128806258438,0.03649083837553853,8.9,0.0,8.9,1
2025-02-18 04:00:00,219013885,8.063917525773196,0.663873518335352,5153.258943161367,1,-0.0009456344912760225,0.011984431670084433,0.004568666591816777,0.6242032982308625,40.2877973128484,4,34.0381009352624,0.02937883368151408,9.2,7.2,1.9999999999999991,1
2025-02-18 04:40:00,219013885,7.645378151260504,0.1597719361719354,12588.093516311817,1,-9.264471338774873e-06,0.007158425870076093,0.0036507753021463745,0.5300574343152339,14.808719617581005,0,39.702876238008585,0.0251870857449823,8.1,7.4,0.6999999999999993,1
2025-02-18 05:20:00,219013885,8.096525096525097,0.17012162301067227,21896.34638764856,1,-0.0008575899328799682,0.010034611007249712,0.0034940063754124143,0.7046186821605189,25.70884965402172,4,38.59845503277725,0.025907765999264854,8.4,7.7,0.7000000000000002,1
2025-02-18 06:00:00,219013885,6.077647058823529,2.3725485385668037,31571.35390133341,1,-0.0036330335089445314,0.02435114615354555,0.013608109126774806,0.4631138084802655,15.774303024789788,0,31.15107386032647,0.0321016117604044,8.5,2.3,6.2,1
2025-02-18 06:40:00,219013885,2.7946859903381642,0.16464369575039756,35869.301054713804,1,0.00046721057239991454,0.009390199833401284,0.003618617716326927,0.5129243327136431,18.833240185943964,1,16.50946641885292,0.06057127280293727,3.4,2.5,0.8999999999999999,2
2025-02-18 07:20:00,219013885,2.6453271028037384,0.05083006313519074,38239.0054125455,1,-9.7873719983902e-05,0.005342560064654087,0.0025081900801281047,0.47618018295859926,27.56341627098817,2,15.25753759531601,0.06554133249481031,2.8,2.6,0.19999999999999973,2
2025-02-18 08:00:00,219013885,2.6464114832535888,0.05187858478995586,40483.911623710315,1,-1.2200443234925959e-05,0.007238710170943593,0.003142412927948581,1.0574742213631325,60.55163638454678,4,15.568418249426205,0.06423255989485363,2.7,2.5,0.20000000000000018,2
2025-02-18 08:40:00,219013885,2.525414364640884,0.051805937167896936,42040.01576852989,1,7.415609983694233e-06,0.004321951492285378,0.001858830083497773,1.2681598166433778,75.96388517616549,3,17.225045396579812,0.05805496568670304,2.7,2.4,0.30000000000000027,2
2025-02-18 09:20:00,219013885,2.468599033816425,0.04755649271195214,42905.86479409385,1,1.2334440668625658e-05,0.0049697302754201445,0.002450643023586306,2.0563623500402883,107.99455145187153,4,14.607717525449834,0.06845691763197136,2.6,2.4,0.20000000000000018,2
2025-02-18 10:00:00,219013885,2.1779411764705885,0.5119783674526648,43658.21811248415,1,-0.0002181141911272296,0.007501055402470426,0.0029069287038981863,1.2651772401773138,95.33973331312791,2,13.274491537335894,0.07533239550934531,2.5,0.8,1.7,2
2025-02-18 10:40:00,219013885,3.072701149425287,1.4798849757852375,42587.269291774544,1,0.0009036476092270943,0.028520263564231596,0.01797401494847315,3.4126013688610493,174.96726326920475,6,11.130258318451757,0.08984509370202695,8.6,0.5,8.1,2
2025-02-18 11:20:00,219013885,2.778536585365854,0.09865668774747416,39145.1217858403,1,-5.953930392215256e-05,0.005997850183603568,0.0021481876235604257,1.1053773954712787,96.7387500698976,2,16.469240313951914,0.060719217993356424,3.0,2.6,0.3999999999999999,2
2025-02-18 12:00:00,219013885,2.548258706467662,0.10913043909156765,37553.86714207204,1,4.065985184406238e-05,0.005317008152972214,0.001743722432538223,2.3878855631437763,110.48439932222573,5,15.46720171729535,0.06465289402367239,2.8,2.3,0.5,2
2025-02-18 12:40:00,219013885,2.5421319796954314,0.089222965622816,35417.224633544865,1,-9.924569917532633e-05,0.0048769268806655545,0.0018373172604810824,1.9374361467359107,113.49204345218567,4,15.968285673977775,0.06262409091219535,2.8,2.3,0.5,2
2025-02-18 13:20:00,219013885,2.495754716981132,0.020209711578832886,32776.58947288367,1,-2.031862818853884e-05,0.002369646313423134,0.0005540572056212577,2.015672313150647,141.55038700047555,4,14.334433980488829,0.0697620362088086,2.5,2.4,0.10000000000000009,2
2025-02-18 14:00:00,219013885,2.5174528301886796,0.044902449732192005,29871.75369797674,1,0.00022095132882123965,0.00867385661789958,0.0024130507167994778,1.1554988896633023,47.879015516978676,3,14.64506075244983,0.06828236045447031,2.7,2.4,0.30000000000000027,2
2025-02-18 14:40:00,219013885,2.260180995475113,0.6837383629063931,26627.026111071486,1,-0.00017533936651583732,0.00998906055643268,0.0034250634985929108,2.6065014677462375,152.06142890647334,6,13.158835754823672,0.07599450731713511,2.7,0.6,2.1,2
2025-02-18 15:20:00,219013885,4.648802395209581,2.583043878557391,24155.089386629985,1,0.003302857565840221,0.018396447091269127,0.009436749799515651,2.817970323888848,155.0851794537432,6,19.445281140593632,0.051426332101164506,7.4,0.7,6.7,1
2025-02-18 16:00:00,219013885,7.442687747035573,0.11053571447575683,15814.288538177232,1,0.00047023447869312505,0.013481355265621466,0.004836974440671181,2.576870970321456,146.69886460803673,5,36.51411873437639,0.027386659210042862,7.8,7.2,0.5999999999999996,1
2025-02-18 16:40:00,219013885,7.645762711864407,0.1274048049296078,8584.27724756597,1,-8.305847591562091e-05,0.010016067005771541,0.0035217701799334497,2.2555439047660815,140.68189861112694,6,32.02880982743196,0.031221880961830588,7.8,7.2,0.5999999999999996,1
2025-02-18 17:20:00,219013885,6.391482649842271,0.431610918150102,3372.5557421970548,1,-0.00041672965482489175,0.009518057363162967,0.003511647083075655,4.3249891849443545,175.53858776707557,8,24.886375159748777,0.04018261364922533,7.3,5.7,1.5999999999999996,1
2025-02-18 18:00:00,219013885,4.678260869565218,2.9450141752600674,1014.9603879598635,1,-0.004772591124153626,0.02807132824320449,0.009861132790820295,5.701089736894973,121.92164437122653,14,16.210727562972693,0.061687507808659024,7.9,0.0,7.9,1
2025-02-18 18:40:00,219013885,2.033956386292835,2.655277689920942,475.08392584217194,0,0.00015847005658917824,0.028670193700025024,0.011758233929080326,7.991042110317848,180.0,13,5.525339148437159,0.18098403795583656,6.4,0.0,6.4,0
2025-02-18 19:20:00,219013885,0.0,0.0,320.02612289029247,0,0.0,0.0,0.0,8.266278817662515,180.0,13,0.6220260777087626,1.6076237952040464,0.0,0.0,0.0,0
2025-02-18 20:00:00,219013885,0.0,0.0,319.7479804678113,0,0.0,0.0,0.0,7.032247562970191,73.13637112489744,10,0.6259816571269442,1.59746537931449,0.0,0.0,0.0,0
2025-02-18 20:40:00,219013885,0.000819672131147541,0.009034926645000333,319.4489829544694,0,-1.7697466467958264e-05,0.0013169718904237578,0.00016672876304023846,8.589015083827904,175.6369184726393,14,0.8772834897601908,1.1398693956720813,0.1,0.0,0.1,0
2025-02-18 21:20:00,219013885,0.0,0.0,319.1032599136829,0,0.0,0.0,0.0,6.59297639342757,117.47902088221076,9,0.5136076747859719,1.9469734962230556,0.0,0.0,0.0,0
2025-02-18 22:00:00,219013885,0.0,0.0,319.9861330865219,0,0.0,0.0,0.0,7.255312796615233,151.89407183851313,8,0.4352714930572464,2.2973639264476704,0.0,0.0,0.0,0
2025-02-18 22:40:00,219013885,0.0,0.0,320.48305766455434,0,0.0,0.0,0.0,7.097427759275022,160.40144372527504,7,0.5726406695573527,1.746265311752765,0.0,0.0,0.0,0
2025-02-18 23:20:00,219013885,0.0,0.0,321.51687713381193,0,0.0,0.0,0.0,8.389239665575142,126.83123330916658,11,0.8193639500016632,1.2204439743269484,0.0,0.0,0.0,0
2025-02-18 00:00:00,219016615,0.0,0.0,153.53430661580538,0,0.0,0.0,0.0,6.850311998164432,56.477999842441896,11,0.6384066982296683,1.5663750694068677,0.0,0.0,0.0,0
2025-02-18 00:40:00,219016615,0.0,0.0,152.96899668789206,0,0.0,0.0,0.0,7.205212808897056,125.55742594344764,11,0.5462196074085205,1.8307319604008732,0.0,0.0,0.0,0
2025-02-18 01:20:00,219016615,0.0,0.0,153.15957793008496,0,0.0,0.0,0.0,6.475412687375518,45.66524980869182,8,0.9700309511710719,1.0308843134846633,0.0,0.0,0.0,0
2025-02-18 02:00:00,219016615,0.0,0.0,152.9894078247424,0,0.0,0.0,0.0,7.012187521873911,139.9902970154505,11,0.8074674687610915,1.2384246479772307,0.0,0.0,0.0,0
2025-02-18 02:40:00,219016615,0.0008298755186721993,0.009090751916156683,153.245639426857,0,-3.7721614485099917e-06,0.0013378383981701083,0.00017142378138228762,5.649506594094767,43.40353010803898,5,0.7113175075418166,1.405822197788708,0.1,0.0,0.1,0
2025-02-18 03:20:00,219016615,0.0,0.0,152.6175322958282,0,0.0,0.0,0.0,5.970599248415141,45.0,9,0.49487260454055126,2.020681250108598,0.0,0.0,0.0,0
2025-02-18 04:00:00,219016615,0.0,0.0,153.09341903226536,0,0.0,0.0,0.0,7.049537656489959,89.99999880594248,12,0.7428075940573158,1.3462255175431939,0.0,0.0,0.0,0
2025-02-18 04:40:00,219016615,0.0004132231404958678,0.00642824346533225,153.18827929424947,0,-4.591368227731865e-06,0.0009629046836986581,8.723599632690542e-05,8.395489038578338,166.513743816692,17,0.8885839064247305,1.125373461116241,0.1,0.0,0.1,0
2025-02-18 05:20:00,219016615,0.0008695652173913044,0.009304665439271644,152.62504131236196,0,-9.661835748792272e-06,0.0013969588139781054,0.00018357487922705316,6.077457849749628,180.0,6,0.7810478725238655,1.2803148590880435,0.1,0.0,0.1,0
2025-02-18 06:00:00,219016615,0.0,0.0,150.70576972798895,0,0.0,0.0,0.0,6.167833097627551,43.29053964677874,9,0.5968975148347765,1.6753014079187782,0.0,0.0,0.0,0
2025-02-18 06:40:00,219016615,0.0,0.0,153.07039728406167,0,0.0,0.0,0.0,6.6052330709269755,41.09214860583681,10,0.48780718840185555,2.0499482670467466,0.0,0.0,0.0,0
2025-02-18 07:20:00,219016615,0.0,0.0,152.99620162522157,0,0.0,0.0,0.0,6.227518292076645,35.35942258104901,7,0.7130842391756541,1.4023391931422873,0.0,0.0,0.0,0
2025-02-18 08:00:00,219016615,0.0,0.0,155.27305205979772,0,0.0,0.0,0.0,6.46137922815469,41.8457656063722,10,0.761257813171855,1.3135981617736563,0.0,0.0,0.0,0
2025-02-18 08:40:00,219016615,0.0,0.0,153.93839745981904,0,0.0,0.0,0.0,6.592750071126203,45.0,10,0.7798285468194053,1.2823167103992612,0.0,0.0,0.0,0
2025-02-18 09:20:00,219016615,0.0016736401673640169,0.012855130737310216,153.35630570961496,0,-3.634673090740036e-05,0.001565869501954265,0.00019610329233760198,7.580520548959263,180.0,10,0.9105989175686044,1.0981662717185734,0.1,0.0,0.1,0
2025-02-18 10:00:00,219016615,0.0004237288135593221,0.006509445549041195,153.51785285098242,0,-1.7334360554699544e-05,0.0006765799941885292,5.9707241910631754e-05,5.55960619354596,38.47791541162198,6,1.0084071560366121,0.9916531011137353,0.1,0.0,0.1,0
2025-02-18 10:40:00,219016615,0.0,0.0,153.93737062716917,0,0.0,0.0,0.0,6.173742208653317,41.09214570881812,10,0.8188373258007609,1.2212288768508681,0.0,0.0,0.0,0
2025-02-18 11:20:00,219016615,0.0,0.0,153.85316516286554,0,0.0,0.0,0.0,9.413144166290111,170.91623539640398,16,0.5152711672657337,1.940688042814291,0.0,0.0,0.0,0
2025-02-18 12:00:00,219016615,0.0030042918454935624,0.01710729272150584,153.05442963037356,0,6.0476004682013276e-05,0.0009441116656061921,0.0001033944596176356,7.1316645115848,150.76896084694727,9,0.7121001106688964,1.4042772108103954,0.1,0.0,0.1,0
2025-02-18 12:40:00,219016615,7.630705394190872,1.217122255025811,3839.4064508699885,1,0.00300841878440378,0.027052411675488962,0.01790468434456975,1.6987545694349504,44.64875110292871,5,39.03710547969029,0.025616646817059694,8.5,0.1,8.4,1
2025-02-18 13:20:00,219016615,7.991056910569106,0.18361811750069357,11626.161090729469,1,-0.0004326804631682687,0.016845420831410895,0.012916050751416597,0.9740362602093333,44.99755159960603,3,40.01161541451505,0.024992736227037383,8.5,7.6,0.9000000000000004,1
2025-02-18 14:00:00,219016615,8.015573770491804,0.18235789520315862,18566.514655844505,1,-0.0004992844132188397,0.020931980143852384,0.015446443356279415,1.0529779214224353,42.2283477887612,2,40.420960499600774,0.024739633602064964,8.5,7.6,0.9000000000000004,1
2025-02-18 14:40:00,219016615,7.869721115537849,0.1978876497216302,22882.70680510547,1,0.0001444726145921367,0.02597971003164692,0.018759306209505413,1.481568313530572,41.03065940166414,5,38.500155461174785,0.02597391434611996,8.5,7.3,1.2000000000000002,1
2025-02-18 15:20:00,219016615,7.7024489795918365,0.2003943920005395,25127.224739407746,1,-0.000140898783755926,0.027376903957552604,0.020906101834673264,0.5697670659316921,10.462454662843982,0,38.63600624759087,0.025882585657685513,8.3,6.9,1.4000000000000004,1
2025-02-18 16:00:00,219016615,5.621513944223108,2.643969610038053,27056.704730506695,1,-0.00249597569318685,0.049263363732990194,0.032417702925671046,1.8938057895690934,42.84610050946452,6,27.296842097114823,0.03663426084598584,8.7,0.3,8.399999999999999,1
2025-02-18 16:40:00,219016615,2.648582995951417,0.25324723650835346,29957.87026830801,1,0.0006287572077045758,0.033826500963947244,0.025066862961599802,0.6079241744160696,9.979303552822586,0,13.155505184720106,0.07601374677910615,3.2,1.8,1.4000000000000001,2
2025-02-18 17:20:00,219016615,2.582448979591837,0.21666748161911062,33099.15672855507,1,0.00041315487233854634,0.029277896264129886,0.021478826162499635,0.4436710963438554,8.4337924568202,0,12.844698751962417,0.07785306925291084,3.1,1.6,1.5,2
2025-02-18 18:00:00,219016615,2.628333333333333,0.19627635428762374,35959.02285799059,1,0.00018838605351763251,0.02864519527461591,0.02106170255183413,0.7643616256523806,14.279482506963555,0,13.451870900035155,0.07433904651931512,3.1,1.9,1.2000000000000002,2
2025-02-18 18:40:00,219016615,2.5551020408163265,0.15130745012401434,34335.31095544963,1,0.00014100185528756993,0.02265290273190262,0.016715316429602146,0.5709946532989376,9.355728125617475,0,12.777677039540308,0.07826142531942748,2.9,2.1,0.7999999999999998,2
2025-02-18 19:20:00,219016615,2.541935483870968,0.13443344857631673,31261.296949711115,1,-8.706011730205264e-05,0.018559086097951923,0.013372535842293911,0.5489539018562484,8.238156299979266,0,12.54831672715115,0.07969190010300524,2.9,2.2,0.6999999999999997,2
2025-02-18 20:00:00,219016615,2.549794238683128,0.11512640756462522,28261.130565124335,1,-3.625318440133249e-05,0.015351409768327605,0.011395138926003131,0.286257787688618,3.85946311577851,0,13.046988715867226,0.07664597979793168,2.9,2.3,0.6000000000000001,2
2025-02-18 20:40:00,219016615,2.6150406504065042,0.09506924637392397,25219.641548014464,1,-3.6133694670279885e-05,0.013541909328293624,0.009866551695819991,0.7749704733800926,14.833387484367506,0,13.147940101526707,0.0760574836592879,2.9,2.2,0.6999999999999997,2
2025-02-18 21:20:00,219016615,2.5808163265306123,0.08147806540528586,22881.633585376978,1,5.6380127808699183e-05,0.011533157838360201,0.008234281591424456,1.1961290665987574,33.704599677777274,4,12.934440974796505,0.07731290658942969,2.8,2.4,0.3999999999999999,2
2025-02-18 22:00:00,219016615,2.5588,0.0941169058558105,22598.275247961756,1,7.070707070707186e-07,0.013136191182033363,0.009164747474747482,3.886831588865057,134.00910131683247,10,12.54585634040978,0.07970752858884177,2.8,2.2,0.5999999999999996,2
2025-02-18 22:40:00,219016615,2.5134146341463413,0.0689788996816723,24559.328985459153,1,-4.023979633735735e-05,0.010908496245253356,0.007069475240206954,2.0983538521130223,42.365470776141194,7,12.568055960089204,0.079566737091894,2.7,2.4,0.30000000000000027,2
2025-02-18 23:20:00,219016615,2.533877551020408,0.06556239446320106,27316.050393736015,1,-9.297052154195017e-05,0.008504862229906535,0.005792001649144511,1.9352581615865783,56.04159305695464,6,12.767694314216397,0.07832261582738367,2.7,2.3,0.40000000000000036,2
2025-02-18 00:00:00,219024923,0.0,0.0,299.0054662778272,0,0.0,0.0,0.0,6.27253208559156,80.52526635436561,8,0.361274113527706,2.7679047114351247,0.0,0.0,0.0,0
2025-02-18 00:40:00,219024923,0.0,0.0,298.0445931173304,0,0.0,0.0,0.0,7.12480504459612,101.7521589067722,11,0.37947599294022355,2.635143374468421,0.0,0.0,0.0,0
2025-02-18 01:20:00,219024923,0.0,0.0,298.9080578742155,0,0.0,0.0,0.0,5.8670512611997365,44.99999894226778,7,0.29787632502377037,3.3569852524119836,0.0,0.0,0.0,0
2025-02-18 02:00:00,219024923,0.0,0.0,298.2876313506122,0,0.0,0.0,0.0,6.46455132742302,44.99999914699055,10,0.3656127706620744,2.7350594116148375,0.0,0.0,0.0,0
2025-02-18 02:40:00,219024923,2.283081570996979,2.7077247839186365,511.4593634103379,0,0.006277974550701823,0.022926442543539156,0.009761511216056671,4.5241954053064966,88.25850191077356,9,5.3014225265909225,0.18862826132072805,6.7,0.0,6.7,0
2025-02-18 03:20:00,219024923,7.814642857142857,0.3658836423424027,2464.0092263210013,1,0.0010870093665792614,0.012686463636455265,0.004935763161569614,1.4306941554862045,65.63374916710455,6,34.34170317076314,0.02911910640647221,8.2,6.6,1.5999999999999996,1
2025-02-18 04:00:00,219024923,6.978099173553719,0.27746575146462404,6869.838146219549,1,-0.0003799953490036118,0.009585663970362502,0.004205857274039096,0.6546843120573343,31.03757999254475,2,35.47958022512548,0.028185218421486524,7.8,6.5,1.2999999999999998,1
2025-02-18 04:40:00,219024923,6.572573839662447,0.10357446264758967,13129.628462782088,1,0.000372607935899075,0.006443891037605314,0.003109896432681238,0.5709740710164865,31.576463437921177,2,34.05236494994095,0.029366527341193098,6.8,6.3,0.5,1
2025-02-18 05:20:00,219024923,7.105263157894737,0.2871443214843695,20331.276853131836,1,-0.00031857108726914674,0.016623186197848867,0.005986790218092151,0.964592617753338,38.79829814081518,4,35.54289400517768,0.028135011136240468,7.5,6.3,1.2000000000000002,1
2025-02-18 06:00:00,219024923,4.68326530612245,2.0422598658476483,27108.849982343698,1,-0.0038662131519274384,0.022477058235263504,0.012171628824690047,0.5272806268888718,26.457761067723993,1,23.174380776363474,0.04315108041674785,7.6,1.8,5.8,2
2025-02-18 06:40:00,219024923,2.7184210526315793,0.041056079566510674,30837.79507040212,1,0.0005515674783006086,0.008007998635810037,0.002121638698267488,1.3692601068435415,179.99998303599762,2,14.738060998209065,0.06785148477853836,2.8,2.6,0.19999999999999973,2
2025-02-18 07:20:00,219024923,2.724038461538462,0.05106629641462001,33976.29869153077,1,0.0004667591180749059,0.008556544350156785,0.0029865237102079116,0.45788919580967913,30.67242178008439,2,16.10099478104143,0.06210792516361945,2.8,2.6,0.19999999999999973,2
2025-02-18 08:00:00,219024923,2.608955223880597,0.04265446031864237,36701.63219632797,1,0.0006853332579962593,0.008676686817085758,0.0027978949756179783,0.8935895718188634,48.95230838425209,3,15.819026249476492,0.06321497619888782,2.7,2.5,0.20000000000000018,2
2025-02-18 08:40:00,219024923,2.528,0.06125131947910235,38844.78553405586,1,-0.0003069584874219084,0.006223728972028928,0.0026566150201468453,0.8809850650046916,41.20572183460598,3,17.61946100017433,0.05675539293944216,2.6,2.4,0.20000000000000018,2
2025-02-18 09:20:00,219024923,2.5386363636363636,0.04998701129994986,40308.45572258795,1,-0.000411065579452146,0.008836766447449334,0.0026903226654767715,0.8686263661821745,82.53373584992613,2,17.448103516282636,0.05731278622567401,2.6,2.4,0.20000000000000018,2
2025-02-18 10:00:00,219024923,2.2509328358208953,0.8616621573300635,40849.55053744891,1,-0.002608693277872319,0.03522484562410538,0.01797021540836159,5.099374716440925,180.0,8,10.40206679348498,0.09613464886418827,4.5,0.2,4.3,2
2025-02-18 10:40:00,219024923,2.332462686567164,1.2010101469739252,40253.696117674604,1,0.002228910087663537,0.02704431766161207,0.013087209203131956,3.9254849617665166,177.4771290746353,7,11.83279396990266,0.08451082283992459,4.9,0.4,4.5,2
2025-02-18 11:20:00,219024923,2.715384615384615,0.08543068582781453,39838.549781327434,1,-0.0007710384962613296,0.01049827490888905,0.004459533845940881,1.348896520446362,76.89217119037863,3,16.14363848509455,0.06194386609218488,2.8,2.4,0.3999999999999999,2
2025-02-18 12:00:00,219024923,2.4408376963350786,0.05033916381519042,38346.63720277121,1,-5.613351163089386e-05,0.004787340751244838,0.0023655475302156626,0.5360511889771971,39.06672613381511,1,15.744020164868997,0.06351613846824211,2.5,2.3,0.20000000000000018,2
2025-02-18 12:40:00,219024923,2.516759776536313,0.0857786762216102,35997.10369911616,1,0.0005244816519656779,0.007414672946652684,0.0030649279089658907,1.086942844570389,51.17382942571211,2,17.348964523187163,0.05764029445449269,2.6,2.2,0.3999999999999999,2
2025-02-18 13:20:00,219024923,2.5769633507853404,0.043446200455003046,33016.8215034817,1,-5.076369717647723e-06,0.004124919676650461,0.0018620051548409043,1.453976729444694,154.09386290216673,2,16.903475147451164,0.05915939767905127,2.7,2.5,0.20000000000000018,2
2025-02-18 14:00:00,219024923,2.651643192488263,0.051939954566075815,30061.03399875725,1,-2.5167842069250562e-05,0.003529305784318686,0.0012175409358507958,3.496255944921569,154.72478280977816,7,15.373425287241101,0.06504727026300566,2.8,2.6,0.19999999999999973,2
2025-02-18 14:40:00,219024923,2.443877551020408,0.6157876822385396,26727.462039093636,1,0.0022116459573797466,0.021425060737942127,0.009888067593743898,5.572179624411949,173.94724993571668,11,10.66553648618527,0.09375984637029777,4.2,0.8,3.4000000000000004,2
2025-02-18 15:20:00,219024923,3.086984126984127,2.2148864005323534,25346.60188978485,1,0.0015869801730098677,0.033922542191269486,0.01562888100381124,6.199605217779743,165.84813260601038,14,15.122773503179024,0.06612539284119129,5.8,0.0,5.8,2
2025-02-18 16:00:00,219024923,6.001716738197424,0.12830649768400446,18538.38300825804,1,6.313131313131306e-05,0.004577145079563523,0.0021677970396209935,3.7018783425572015,161.44625129482392,6,31.829747108863543,0.031417142034097796,6.2,5.7,0.5,1
2025-02-18 16:40:00,219024923,6.1326446280991735,0.06607261936017236,11706.615619299015,1,9.086119044625337e-05,0.005462519768819352,0.0025758773269146766,3.9960384138067395,154.6204625882434,6,31.52409700564866,0.03172175503086621,6.3,6.0,0.2999999999999998,1
2025-02-18 17:20:00,219024923,5.947717842323652,0.30359817751208307,6222.461956010746,1,-0.0003283269471301798,0.005168976230707802,0.0023870888399169722,2.2704983558616947,77.34203617797522,6,30.435922744022186,0.03285590122735458,6.3,5.1,1.2000000000000002,1
2025-02-18 18:00:00,219024923,4.317582417582417,0.3563272846799258,3292.0704331907386,1,-0.0006530506530506521,0.014249917197997548,0.004990194990194986,2.2752771566675354,138.74708097181656,5,19.3817779761816,0.05159482712476817,5.1,3.8,1.2999999999999998,1
2025-02-18 18:40:00,219024923,4.984259259259259,2.5282978783518977,1109.2853494504338,1,-0.005369718860430935,0.031926065201490036,0.011829205366357067,3.988273058552508,136.76547722648638,13,18.26184774432883,0.054758941505310285,7.3,0.0,7.3,1
2025-02-18 19:20:00,219024923,2.465229885057471,2.712256991390451,517.6195034461855,1,-0.0002247329618019285,0.03920905742496723,0.017792798676419367,8.245569226427467,180.0,16,5.083772637100846,0.19670392528235137,6.6,0.0,6.6,0
2025-02-18 20:00:00,219024923,0.0,0.0,300.73990515706475,0,0.0,0.0,0.0,6.637656921439187,121.96911459543134,14,0.35729430061027,2.7987348551137394,0.0,0.0,0.0,0
2025-02-18 20:40:00,219024923,0.0,0.0,300.5373560941465,0,0.0,0.0,0.0,6.138103077717297,89.99999914698799,8,0.3988974815135678,2.5068469415657915,0.0,0.0,0.0,0
2025-02-18 21:20:00,219024923,0.0,0.0,301.30558727941684,0,0.0,0.0,0.0,8.555590624498764,167.94094286289283,15,0.30496642868070095,3.278941931105643,0.0,0.0,0.0,0
2025-02-18 22:00:00,219024923,0.0,0.0,301.1884062574655,0,0.0,0.0,0.0,7.733526694199116,180.0,17,0.31059784074479163,3.2194937436290982,0.0,0.0,0.0,0
2025-02-18 22:40:00,219024923,0.0,0.0,301.0630570291717,0,0.0,0.0,0.0,7.189857325421708,75.94698666966298,11,0.30811936456220956,3.245390134824705,0.0,0.0,0.0,0
2025-02-18 23:20:00,219024923,0.0,0.0,301.9039222695705,0,0.0,0.0,0.0,6.605899564771065,80.20069111912505,10,0.4336592372725393,2.305904855712766,0.0,0.0,0.0,0
2025-02-18 00:00:00,220304000,0.0,0.0,325.36824458962343,0,0.0,0.0,0.0,7.293514611365162,180.0,9,0.2611616885975513,3.8288989337620563,0.0,0.0,0.0,0
2025-02-18 00:40:00,220304000,0.0,0.0,325.73236182935597,0,0.0,0.0,0.0,7.408454210251172,89.99999916985178,17,0.27628289344315987,3.6193475247879445,0.0,0.0,0.0,0
2025-02-18 01:20:00,220304000,0.0,0.0,325.1028167194317,0,0.0,0.0,0.0,10.248990397344514,180.0,22,0.21762087951859743,4.594936169959033,0.0,0.0,0.0,0
2025-02-18 02:00:00,220304000,0.0,0.0,324.8230557465094,0,0.0,0.0,0.0,7.489183157472603,70.26952363242094,15,0.24720202305227085,4.04511070154771,0.0,0.0,0.0,0
2025-02-18 02:40:00,220304000,0.0003952569169960474,0.006286946134619315,325.78787576337925,0,-4.3917435221783054e-06,0.0009416548891139425,8.34431269213878e-05,8.969181410867316,140.53905846150565,13,0.30641581934301404,3.2634325728296307,0.1,0.0,0.1,0
2025-02-18 03:20:00,220304000,0.0,0.0,325.57711835118573,0,0.0,0.0,0.0,8.62435605359228,125.02416404855535,14,0.3021655424876628,3.3093346727120645,0.0,0.0,0.0,0
2025-02-18 04:00:00,220304000,0.0,0.0,325.680529486128,0,0.0,0.0,0.0,9.01390479178623,137.55214957682358,21,0.1985112495429084,5.0372441353380655,0.0,0.0,0.0,0
2025-02-18 04:40:00,220304000,0.0,0.0,325.88682079042695,0,0.0,0.0,0.0,6.292035374342927,42.40835291760729,8,0.3073082611724195,3.253955675087445,0.0,0.0,0.0,0
2025-02-18 05:20:00,220304000,0.0,0.0,326.0204912273111,0,0.0,0.0,0.0,7.250937427679857,89.99999916985195,12,0.29874061956170006,3.3472733929961707,0.0,0.0,0.0,0
2025-02-18 06:00:00,220304000,0.0016260162601626016,0.01267322317714376,326.39652180976594,0,2.8537406586187073e-05,0.0017272144376792374,0.00030569926911390324,7.620567724950391,89.99999794123266,14,0.28465723722068315,3.5128735212502447,0.1,0.0,0.1,0
2025-02-18 06:40:00,220304000,5.727565982404692,1.9420886874440688,1820.8782928723936,1,0.003967055562256802,0.025754889382362464,0.012652563896371935,1.900575907860299,67.69134531228781,6,20.980590223751307,0.047663078717258986,7.0,0.0,7.0,1
2025-02-18 07:20:00,220304000,6.53503937007874,1.1687264607023504,4421.294642744521,1,-0.00331505362068976,0.022748575296285344,0.009352793221421473,1.4812727841894706,71.08986481245319,5,31.84073470283266,0.03140630061680174,7.2,2.7,4.5,1
2025-02-18 08:00:00,220304000,2.562357414448669,0.11911471158268765,7232.624417101929,1,-0.0003786918615815949,0.012774668644375398,0.0056863309905135035,0.38274639400323435,9.888904915848912,0,11.99668631989335,0.08335628187418267,3.9,2.1,1.7999999999999998,2
2025-02-18 08:40:00,220304000,2.555361596009975,1.6013205273840236,10066.271042133762,1,0.0028337340934138423,0.03636913544004516,0.018400211118743733,2.3800174310174236,92.26210080049844,7,8.484395908244029,0.117863290702338,5.9,0.8,5.1000000000000005,2
2025-02-18 09:20:00,220304000,3.6665454545454543,1.6335356599990065,11899.972788451352,1,-0.0024318640955004593,0.01656584847251801,0.0068098255280073456,2.0732625680233596,20.57492216385924,18,16.764987378064568,0.059648085678104944,6.0,1.9,4.1,2
2025-02-18 10:00:00,220304000,2.575561797752809,0.1838354104684696,14524.292457398644,1,0.0005221759564979894,0.020030843164946837,0.009415192074090377,15.179482357815699,143.29617914916673,39,8.806835365738678,0.11354803660914792,2.9,2.2,0.6999999999999997,2
2025-02-18 10:40:00,220304000,3.860904255319149,2.554721272495661,13075.909671095955,1,0.004003511303511303,0.02946394632561729,0.012193679653679653,19.547945803643763,163.9457060891657,39,15.3446543416353,0.06516923262287723,6.7,0.4,6.3,2
2025-02-18 11:20:00,220304000,3.4996268656716416,1.5517658935352323,8724.221154250017,1,-0.001974165258238314,0.016886229768088883,0.008582411903798394,3.511101979582964,164.29778103086971,8,16.401774806896988,0.060968974521571434,6.8,2.3,4.5,2
2025-02-18 12:00:00,220304000,2.2922535211267605,0.6594862486651037,7142.051996322775,1,0.00013398819889428074,0.022888887670663976,0.011973125339314666,6.380877228713013,161.4535731514543,11,10.389283138901137,0.09625293912014585,2.8,0.3,2.5,2
2025-02-18 12:40:00,220304000,4.354434250764526,2.631691628829779,6091.423136840364,1,0.0045648486419055745,0.03398037980232085,0.01187757838582798,5.2186417958031495,171.09840112018878,13,19.915023343220437,0.050213322908667105,6.6,0.7,5.8999999999999995,1
2025-02-18 13:20:00,220304000,3.6267399267399267,1.6496376591172806,5500.899279458369,1,-0.0023493204099821765,0.018330408641148058,0.00810427011713777,2.3492227019977316,140.2648791893406,5,16.110311534955095,0.062072007553062615,6.7,2.0,4.7,2
2025-02-18 14:00:00,220304000,2.400738007380074,0.06776463620841762,5009.094380009123,1,-0.00027725861674201185,0.008774021809043868,0.004335367379647827,2.6680905142358418,132.91940649176786,7,10.89511273865572,0.09178418857568406,2.5,2.3,0.20000000000000018,2
2025-02-18 14:40:00,220304000,2.4040372670807453,1.7797797752674558,3399.813385851038,1,0.0036261685174728653,0.03516265883890459,0.012867965367965365,7.026686314325551,166.10771503125875,15,10.477029050737084,0.09544681423418458,6.0,0.3,5.7,2
2025-02-18 15:20:00,220304000,5.49527027027027,0.28885148596407595,1633.9446818566814,1,0.0006207837622311301,0.01044296418270666,0.004467941326493956,1.8321756097836732,80.10233529191885,7,22.855476823361595,0.043753169981829314,6.0,5.1,0.9000000000000004,1
2025-02-18 16:00:00,220304000,4.083433734939759,2.7921441833492033,836.1139379149199,1,-0.005605733641987419,0.040229508914473674,0.01177864096293099,4.143489590270941,99.40570361779481,7,14.419043564915244,0.06935267945971307,6.4,0.0,6.4,1
2025-02-18 16:40:00,220304000,0.0,0.0,357.39660537381513,0,0.0,0.0,0.0,8.56625850884244,180.0,12,0.26220722080629044,3.813632060186989,0.0,0.0,0.0,0
2025-02-18 17:20:00,220304000,0.0,0.0,357.4879220429583,0,0.0,0.0,0.0,7.155577744773018,180.0,12,0.3239542849334617,3.0867600118494165,0.0,0.0,0.0,0
2025-02-18 18:00:00,220304000,0.0,0.0,357.2037263673684,0,0.0,0.0,0.0,7.530435895742173,87.7586157687092,20,0.2785298414073787,3.5901506762813478,0.0,0.0,0.0,0
2025-02-18 18:40:00,220304000,0.0,0.0,357.30200079299306,0,0.0,0.0,0.0,8.176075591539098,89.99999916985041,18,0.2964703629001959,3.372904668012126,0.0,0.0,0.0,0
2025-02-18 19:20:00,220304000,0.0,0.0,357.2831383880583,0,0.0,0.0,0.0,9.072535314076339,173.73635979550022,17,0.20845094111478366,4.7970617164650315,0.0,0.0,0.0,0
2025-02-18 20:00:00,220304000,0.0,0.0,356.9145049641663,0,0.0,0.0,0.0,13.503250757594921,180.0,21,0.23363908624375523,4.279922579952855,0.0,0.0,0.0,0
2025-02-18 20:40:00,220304000,0.0,0.0,356.7216757979547,0,0.0,0.0,0.0,8.790663245409014,180.0,14,0.3357826578611152,2.9780281867080096,0.0,0.0,0.0,0
2025-02-18 21:20:00,220304000,0.0,0.0,356.1988729769809,0,0.0,0.0,0.0,9.074085071275015,157.62817531440146,16,0.29162687342130106,3.4289216869891197,0.0,0.0,0.0,0
2025-02-18 22:00:00,220304000,0.0,0.0,356.5822378536805,0,0.0,0.0,0.0,9.412675125337353,151.24229906327105,27,0.18171404684519557,5.502849058010828,0.0,0.0,0.0,0
2025-02-18 22:40:00,220304000,0.0,0.0,356.002264076642,0,0.0,0.0,0.0,9.706776180935012,164.65588204258052,19,0.19705150039837308,5.0745579323126675,0.0,0.0,0.0,0
2025-02-18 23:20:00,220304000,0.0,0.0,355.2226357188913,0,0.0,0.0,0.0,7.307359119251415,86.86817931658078,14,0.3220596893077197,3.104918075803636,0.0,0.0,0.0,0
